{
  "best_defensible_model": {
    "feature_set": "orbital_only",
    "metrics": {
      "accuracy": 0.856,
      "brier_score": 0.10931314530557805,
      "confusion_matrix": [
        [
          169,
          11
        ],
        [
          25,
          45
        ]
      ],
      "f1": 0.7142857142857143,
      "false_negative_rate": 0.35714285714285715,
      "n_samples": 250,
      "negative_support": 180,
      "positive_support": 70,
      "pr_auc": 0.8267495676123587,
      "precision": 0.8035714285714286,
      "recall": 0.6428571428571429,
      "roc_auc": 0.9118253968253969,
      "top_k_recall": {
        "10": 0.14285714285714285,
        "25": 0.32857142857142857,
        "50": 0.5714285714285714
      },
      "warnings": []
    },
    "model_family": "tabular",
    "model_name": "random_forest",
    "selection_metric": 0.8267495676123587,
    "target": "pha"
  },
  "best_graph_based_evidence": {
    "feature_set": "graph_node_features",
    "metrics": {
      "accuracy": 1.0,
      "f1": 1.0,
      "false_negative_rate": 0.0,
      "pr_auc": 1.0,
      "precision": 1.0,
      "recall": 1.0,
      "roc_auc": 1.0
    },
    "model_family": "graph",
    "model_name": "random_forest",
    "selection_metric": 1.0,
    "target": "pha"
  },
  "best_no_definition_feature_model": {
    "feature_set": "orbital_only",
    "metrics": {
      "accuracy": 0.856,
      "brier_score": 0.10931314530557805,
      "confusion_matrix": [
        [
          169,
          11
        ],
        [
          25,
          45
        ]
      ],
      "f1": 0.7142857142857143,
      "false_negative_rate": 0.35714285714285715,
      "n_samples": 250,
      "negative_support": 180,
      "positive_support": 70,
      "pr_auc": 0.8267495676123587,
      "precision": 0.8035714285714286,
      "recall": 0.6428571428571429,
      "roc_auc": 0.9118253968253969,
      "top_k_recall": {
        "10": 0.14285714285714285,
        "25": 0.32857142857142857,
        "50": 0.5714285714285714
      },
      "warnings": []
    },
    "model_family": "tabular",
    "model_name": "random_forest",
    "selection_metric": 0.8267495676123587,
    "target": "pha"
  },
  "best_overall_metric": {
    "feature_set": "full_features",
    "metrics": {
      "accuracy": 1.0,
      "brier_score": 0.0004252713209455209,
      "confusion_matrix": [
        [
          180,
          0
        ],
        [
          0,
          70
        ]
      ],
      "f1": 1.0,
      "false_negative_rate": 0.0,
      "n_samples": 250,
      "negative_support": 180,
      "positive_support": 70,
      "pr_auc": 1.0,
      "precision": 1.0,
      "recall": 1.0,
      "roc_auc": 1.0,
      "top_k_recall": {
        "10": 0.14285714285714285,
        "25": 0.35714285714285715,
        "50": 0.7142857142857143
      },
      "warnings": []
    },
    "model_family": "tabular",
    "model_name": "random_forest",
    "selection_metric": 1.0,
    "target": "pha"
  },
  "disagreement_count": 104,
  "leakage_sensitive_models": [
    {
      "feature_set": "full_features",
      "leakage_risk": "high",
      "model_name": "random_forest"
    },
    {
      "feature_set": "definition_features_only",
      "leakage_risk": "high",
      "model_name": "random_forest"
    },
    {
      "feature_set": "graph_node_features",
      "leakage_risk": "high",
      "model_name": "logistic_regression"
    },
    {
      "feature_set": "graph_node_features",
      "leakage_risk": "high",
      "model_name": "random_forest"
    },
    {
      "feature_set": "graph_node_features",
      "leakage_risk": "high",
      "model_name": "mlp"
    },
    {
      "feature_set": "graph_node_features",
      "leakage_risk": "high",
      "model_name": "label_propagation"
    }
  ],
  "main_evidence_conclusion": "random_forest on orbital_only provides secondary evidence for pattern consistency; disagreements remain an inspection queue (104 rows).",
  "prediction_count": 1250,
  "status": "success",
  "target": "pha"
}