precision,recall,threshold
0.2455,1.0,0.0
0.3030864197530864,1.0,0.002
0.30317999382525473,1.0,0.0025
0.3036487322201608,1.0,0.003333333333333333
0.30496894409937886,1.0,0.004
0.3056333644568939,1.0,0.004285714285714285
0.3057285180572852,1.0,0.005
0.31271915843162257,0.9989816700610998,0.005714285714285714
0.3129186602870813,0.9989816700610998,0.005833333333333333
0.3131184168528567,0.9989816700610998,0.006
0.3140204865556978,0.9989816700610998,0.006666666666666666
0.3193359375,0.9989816700610998,0.006999999999999999
0.3194399218495604,0.9989816700610998,0.007142857142857143
0.3196480938416422,0.9989816700610998,0.0075
0.3215339233038348,0.9989816700610998,0.0077777777777777776
0.32174483437192525,0.9989816700610998,0.008
0.3224852071005917,0.9989816700610998,0.008333333333333333
0.32397622192866576,0.9989816700610998,0.00857142857142857
0.3240832507433102,0.9989816700610998,0.009000000000000001
0.3241903502974223,0.9989816700610998,0.009047619047619047
0.324297520661157,0.9989816700610998,0.009166666666666667
0.3245120740985776,0.9989816700610998,0.009333333333333334
0.3246194573130377,0.9989816700610998,0.009833333333333335
0.3247269116186693,0.9989816700610998,0.01
0.3358438890790825,0.9989816700610998,0.010833333333333332
0.33595890410958906,0.9989816700610998,0.011000000000000001
0.33618917066483894,0.9989816700610998,0.0115
0.33630442235173125,0.9989816700610998,0.011666666666666665
0.3378099173553719,0.9989816700610998,0.012
0.33792628315535655,0.9989816700610998,0.0125
0.3394463667820069,0.9989816700610998,0.013000000000000001
0.3399168399168399,0.9989816700610998,0.013333333333333332
0.3414549251653324,0.9989816700610998,0.013333333333333334
0.34157381615598886,0.9989816700610998,0.013999999999999999
0.34181184668989545,0.9989816700610998,0.014166666666666666
0.3421695151726543,0.9989816700610998,0.014666666666666668
0.3422889043963713,0.9989816700610998,0.014999999999999998
0.3424083769633508,0.9989816700610998,0.015
0.34517945109078113,0.9989816700610998,0.0155
0.3453009503695882,0.9989816700610998,0.01583333333333333
0.3454225352112676,0.9989816700610998,0.016
0.3456659619450317,0.9989816700610998,0.016071428571428573
0.3457878040183292,0.9989816700610998,0.016666666666666666
0.34824281150159747,0.9989816700610998,0.017285714285714286
0.3483664772727273,0.9989816700610998,0.0175
0.3497326203208556,0.9989816700610998,0.017666666666666667
0.3499821619693186,0.9989816700610998,0.018000000000000002
0.3501070663811563,0.9989816700610998,0.018333333333333333
0.35060757684060045,0.9989816700610998,0.018833333333333334
0.35085836909871243,0.9989816700610998,0.019166666666666665
0.35110952040085897,0.9989816700610998,0.019642857142857142
0.35123523093447906,0.9989816700610998,0.019833333333333335
0.35136103151862463,0.9989816700610998,0.02
0.3551774076755974,0.9989816700610998,0.020476190476190474
0.3553060485331402,0.9989816700610998,0.02083333333333333
0.3555636100036245,0.9989816700610998,0.021666666666666664
0.3567272727272727,0.9989816700610998,0.0225
0.3569868995633188,0.9989816700610998,0.022666666666666665
0.35711685475063704,0.9989816700610998,0.022916666666666665
0.35724690458849234,0.9989816700610998,0.023
0.35750728862973763,0.9989816700610998,0.023166666666666665
0.35763762304046665,0.9989816700610998,0.02333333333333333
0.35776805251641136,0.9989816700610998,0.023333333333333334
0.358290723155588,0.9989816700610998,0.02383333333333333
0.35842162952137374,0.9989816700610998,0.024
0.358814923189466,0.9989816700610998,0.024000000000000004
0.3589462129527991,0.9989816700610998,0.024333333333333335
0.35907759882869694,0.9989816700610998,0.024666666666666667
0.3594723341883474,0.9989816700610998,0.025
0.36105999263894,0.9989816700610998,0.025238095238095237
0.36119293078055964,0.9989816700610998,0.0255
0.36132596685082874,0.9989816700610998,0.02583333333333333
0.3618590925857617,0.9989816700610998,0.025833333333333333
0.36199261992619924,0.9989816700610998,0.026000000000000002
0.36212624584717606,0.9989816700610998,0.026666666666666665
0.36225997045790254,0.9989816700610998,0.027166666666666662
0.3623937938677503,0.9989816700610998,0.02733333333333333
0.3625277161862528,0.9989816700610998,0.02738095238095238
0.3626617375231054,0.9989816700610998,0.0275
0.3630643967431532,0.9989816700610998,0.02766666666666667
0.36319881525360975,0.9989816700610998,0.027999999999999997
0.3634679510929974,0.9989816700610998,0.028333333333333332
0.36373748609566187,0.9989816700610998,0.028333333333333335
0.36414253897550114,0.9989816700610998,0.028833333333333336
0.3642777571481619,0.9989816700610998,0.029166666666666664
0.36454849498327757,0.9989816700610998,0.03
0.36549925484351714,0.9989816700610998,0.030047619047619042
0.3656354826686545,0.9989816700610998,0.03038095238095238
0.36577181208053694,0.9989816700610998,0.03083333333333333
0.366044776119403,0.9989816700610998,0.031
0.3661814109742441,0.9989816700610998,0.031071428571428573
0.36631814787154593,0.9989816700610998,0.03148809523809524
0.36645498692566303,0.9989816700610998,0.03166666666666666
0.3663551401869159,0.9979633401221996,0.03166666666666667
0.36649214659685864,0.9979633401221996,0.03216666666666667
0.3666292555181444,0.9979633401221996,0.0325
0.36690378135529766,0.9979633401221996,0.03283333333333333
0.36704119850187267,0.9979633401221996,0.03297619047619048
0.36717871862120643,0.9979633401221996,0.03333333333333333
0.3674540682414698,0.9979633401221996,0.0335
0.3675918979744936,0.9979633401221996,0.034166666666666665
0.3677298311444653,0.9979633401221996,0.035
0.3681442524417731,0.9979633401221996,0.035333333333333335
0.368282600526118,0.9979633401221996,0.035476190476190474
0.3684210526315789,0.9979633401221996,0.0355
0.3685596088755171,0.9979633401221996,0.035833333333333335
0.3686982693754703,0.9979633401221996,0.03619047619047619
0.3688370342491532,0.9979633401221996,0.036547619047619044
0.3689759036144578,0.9979633401221996,0.03666666666666667
0.36967182195397963,0.9979633401221996,0.0375
0.3699509248773122,0.9979633401221996,0.03777777777777778
0.37009063444108764,0.9979633401221996,0.038
0.3705103969754253,0.9979633401221996,0.03816666666666666
0.37065052950075644,0.9979633401221996,0.03833333333333333
0.370790768066591,0.9979633401221996,0.03966666666666667
0.3709311127933384,0.9979633401221996,0.039999999999999994
0.3710715638015903,0.9979633401221996,0.04
0.3712121212121212,0.9979633401221996,0.04066666666666666
0.3713527851458886,0.9979633401221996,0.04083333333333333
0.37177541729893776,0.9979633401221996,0.04083333333333334
0.3719165085388994,0.9979633401221996,0.04088095238095238
0.3720577069096431,0.9979633401221996,0.04166666666666666
0.37219901253323207,0.9979633401221996,0.0425
0.3724819460281262,0.9979633401221996,0.04333333333333333
0.3726235741444867,0.9979633401221996,0.0435
0.37276531000380375,0.9979633401221996,0.04375
0.3729071537290715,0.9979633401221996,0.04416666666666666
0.37304910544347164,0.9979633401221996,0.045
0.3731911652703732,0.9979633401221996,0.04645238095238095
0.37333333333333335,0.9979633401221996,0.04654761904761904
0.37347560975609756,0.9979633401221996,0.04666666666666666
0.37376048817696417,0.9979633401221996,0.047214285714285716
0.3739030904235025,0.9979633401221996,0.048
0.374188621611302,0.9979633401221996,0.04833333333333334
0.37433155080213903,0.9979633401221996,0.04916666666666667
0.37447458922430266,0.9979633401221996,0.04933333333333333
0.3746177370030581,0.9979633401221996,0.05
0.3749043611323642,0.9979633401221996,0.05004761904761905
0.3750478377344049,0.9979633401221996,0.05083333333333333
0.37519142419601836,0.9979633401221996,0.05083333333333334
0.3753351206434316,0.9979633401221996,0.051666666666666666
0.3756228440015332,0.9979633401221996,0.052000000000000005
0.37576687116564417,0.9979633401221996,0.05242424242424242
0.37591100882240125,0.9979633401221996,0.0525
0.3760552570990023,0.9979633401221996,0.05333333333333333
0.3761996161228407,0.9979633401221996,0.05333333333333334
0.3763440860215054,0.9979633401221996,0.05383333333333333
0.3764886669227814,0.9979633401221996,0.05416666666666667
0.3766333589546503,0.9979633401221996,0.05472222222222222
0.37677816224529026,0.9979633401221996,0.055
0.3769230769230769,0.9979633401221996,0.056666666666666664
0.3770681031165833,0.9979633401221996,0.056833333333333326
0.3772132409545804,0.9979633401221996,0.05708333333333333
0.37735849056603776,0.9979633401221996,0.05833333333333334
0.37750385208012327,0.9979633401221996,0.05916666666666666
0.37764932562620424,0.9979633401221996,0.05953571428571429
0.37779491133384735,0.9979633401221996,0.06016666666666667
0.37794060933281914,0.9979633401221996,0.06033333333333333
0.37808641975308643,0.9979633401221996,0.06131313131313131
0.37823234272481665,0.9979633401221996,0.06166666666666667
0.37852452684434146,0.9979633401221996,0.063
0.37881716273676075,0.9979633401221996,0.0655
0.37925696594427244,0.9979633401221996,0.06633333333333333
0.3794037940379404,0.9979633401221996,0.06666666666666667
0.37969779155366135,0.9979633401221996,0.06733333333333333
0.3798449612403101,0.9979633401221996,0.06749999999999999
0.37999224505622337,0.9979633401221996,0.06757142857142857
0.38013964313421256,0.9979633401221996,0.06833333333333333
0.3802871556072953,0.9979633401221996,0.06866666666666667
0.3804347826086957,0.9979633401221996,0.06933333333333333
0.38087835211815,0.9979633401221996,0.07
0.3810264385692068,0.9979633401221996,0.07088888888888889
0.38117464021781405,0.9979633401221996,0.07166666666666666
0.38132295719844356,0.9979633401221996,0.07233333333333335
0.3814713896457766,0.9979633401221996,0.07357142857142858
0.38161993769470404,0.9979633401221996,0.07388095238095238
0.3817686014803272,0.9979633401221996,0.07466666666666666
0.3819173811379579,0.9979633401221996,0.07666666666666667
0.3820662768031189,0.9979633401221996,0.07716666666666668
0.38221528861154447,0.9979633401221996,0.0775
0.38236441669918064,0.9979633401221996,0.07833333333333334
0.3825136612021858,0.9979633401221996,0.07921428571428572
0.3826630222569309,0.9979633401221996,0.07983333333333334
0.3828125,0.9979633401221996,0.08033333333333335
0.38257131692067214,0.9969450101832994,0.08066666666666666
0.3827208756841282,0.9969450101832994,0.08083333333333333
0.382870551427454,0.9969450101832994,0.08133333333333333
0.3830203442879499,0.9969450101832994,0.08161904761904762
0.3831702544031311,0.9969450101832994,0.08166666666666668
0.38332028191072826,0.9969450101832994,0.08233333333333334
0.3834704269486878,0.9969450101832994,0.08433333333333333
0.38362068965517243,0.9969450101832994,0.085
0.3837710701685613,0.9969450101832994,0.08541666666666668
0.38392156862745097,0.9969450101832994,0.0855
0.38407218517065517,0.9969450101832994,0.08583333333333332
0.38422291993720564,0.9969450101832994,0.08590476190476191
0.38437377306635256,0.9969450101832994,0.08619047619047619
0.3845247446975648,0.9969450101832994,0.08650000000000001
0.38467583497053043,0.9969450101832994,0.08721428571428572
0.3848270440251572,0.9969450101832994,0.08800000000000001
0.3849783720015729,0.9969450101832994,0.08833333333333332
0.3851298190401259,0.9969450101832994,0.08833333333333333
0.3852813852813853,0.9969450101832994,0.0885
0.38543307086614176,0.9969450101832994,0.08999999999999998
0.38558487593540763,0.9969450101832994,0.09066666666666666
0.38534278959810875,0.9959266802443992,0.09071428571428573
0.3854946787544344,0.9959266802443992,0.09116666666666667
0.3856466876971609,0.9959266802443992,0.0925
0.3855564325177585,0.994908350305499,0.09323809523809523
0.3857086458744572,0.994908350305499,0.09416666666666666
0.3858609794628752,0.994908350305499,0.09443650793650793
0.3860134334255235,0.994908350305499,0.09716666666666667
0.38616600790513833,0.994908350305499,0.09730952380952379
0.3863187030446817,0.994908350305499,0.09833333333333333
0.3864715189873418,0.994908350305499,0.099
0.38662445587653343,0.994908350305499,0.09983333333333333
0.38677751385589865,0.994908350305499,0.0999642857142857
0.38693069306930694,0.994908350305499,0.1005
0.3870839936608558,0.994908350305499,0.10100000000000002
0.3872374157748712,0.994908350305499,0.1019047619047619
0.387390959555908,0.994908350305499,0.1035
0.3875446251487505,0.994908350305499,0.10472222222222223
0.3876984126984127,0.994908350305499,0.10633333333333334
0.38785232235013894,0.994908350305499,0.10633333333333335
0.3880063542494043,0.994908350305499,0.10733333333333334
0.388160508541915,0.994908350305499,0.10833333333333332
0.38846918489065607,0.994908350305499,0.10890476190476192
0.38862370723945905,0.994908350305499,0.10908333333333334
0.3887783525666534,0.994908350305499,0.10916666666666668
0.38893312101910826,0.994908350305499,0.11
0.38908801274392674,0.994908350305499,0.113
0.3892430278884462,0.994908350305499,0.11388888888888887
0.3893981666002391,0.994908350305499,0.11399999999999999
0.38955342902711326,0.994908350305499,0.11466666666666667
0.3897088153171121,0.994908350305499,0.11583333333333334
0.3898643256185156,0.994908350305499,0.11599999999999999
0.3900199600798403,0.994908350305499,0.11649999999999999
0.39017571884984026,0.994908350305499,0.11650000000000002
0.390331602077507,0.994908350305499,0.11666666666666665
0.3904876099120703,0.994908350305499,0.1185
0.3906437425029988,0.994908350305499,0.11900000000000001
0.3908,0.994908350305499,0.11933333333333335
0.3905562224889956,0.9938900203665988,0.11983333333333336
0.3907125700560448,0.9938900203665988,0.12066666666666666
0.3908690428514217,0.9938900203665988,0.12083333333333332
0.391025641025641,0.9938900203665988,0.12144444444444442
0.39118236472945894,0.9938900203665988,0.12178571428571429
0.3913392141138733,0.9938900203665988,0.12283333333333334
0.39149618933012437,0.9938900203665988,0.12333333333333334
0.391653290529695,0.9938900203665988,0.12423809523809522
0.39181051786431154,0.9938900203665988,0.12457142857142856
0.39196787148594375,0.9938900203665988,0.12466666666666665
0.39212535154680594,0.9938900203665988,0.12566666666666668
0.39228295819935693,0.9938900203665988,0.12583333333333335
0.39244069159630074,0.9938900203665988,0.12633333333333335
0.392914653784219,0.9938900203665988,0.12666666666666665
0.39307289569069676,0.9938900203665988,0.1269047619047619
0.39323126510878326,0.9938900203665988,0.12697619047619046
0.39338976219266425,0.9938900203665988,0.12708333333333333
0.3935483870967742,0.9938900203665988,0.1275
0.3937071399757967,0.9938900203665988,0.1285
0.39386602098466506,0.9938900203665988,0.12883333333333336
0.3940250302785628,0.9938900203665988,0.12933333333333333
0.39418416801292405,0.9938900203665988,0.1301984126984127
0.39434343434343433,0.9938900203665988,0.13095238095238096
0.3945028294260307,0.9938900203665988,0.131
0.39466235341690253,0.9938900203665988,0.13133333333333336
0.3948220064724919,0.9938900203665988,0.13155555555555554
0.39498178874949413,0.9938900203665988,0.13166666666666665
0.3951417004048583,0.9938900203665988,0.13214285714285715
0.3953017415957878,0.9938900203665988,0.13266666666666668
0.39546191247974066,0.9938900203665988,0.13333333333333333
0.3956222132144305,0.9938900203665988,0.13366666666666668
0.3957826439578264,0.9938900203665988,0.13433333333333333
0.39594320486815415,0.9938900203665988,0.13530952380952377
0.3961038961038961,0.9938900203665988,0.13533333333333336
0.39626471782379213,0.9938900203665988,0.13666666666666666
0.39642567018683994,0.9938900203665988,0.13741666666666666
0.3965867533522958,0.9938900203665988,0.13773809523809524
0.3967479674796748,0.9938900203665988,0.13783333333333336
0.3969093127287515,0.9938900203665988,0.13973809523809524
0.39707078925956063,0.9938900203665988,0.1425
0.3972323972323972,0.9938900203665988,0.1433333333333333
0.3973941368078176,0.9938900203665988,0.14350000000000002
0.3975560081466395,0.9938900203665988,0.14355555555555558
0.3973105134474328,0.9928716904276986,0.14447222222222222
0.3974724826742764,0.9928716904276986,0.1455
0.3976345840130506,0.9928716904276986,0.14566666666666667
0.397796817625459,0.9928716904276986,0.1456666666666667
0.3979591836734694,0.9928716904276986,0.14583333333333331
0.398121682319314,0.9928716904276986,0.1465
0.39828431372549017,0.9928716904276986,0.14672619047619045
0.39844707805476093,0.9928716904276986,0.14709090909090908
0.39860997547015536,0.9928716904276986,0.1475
0.3987730061349693,0.9928716904276986,0.1485
0.39893617021276595,0.9928716904276986,0.14916666666666664
0.39909946786737616,0.9928716904276986,0.15016666666666667
0.3994264645637034,0.9928716904276986,0.15083333333333332
0.39959016393442626,0.9928716904276986,0.15183333333333335
0.3997539975399754,0.9928716904276986,0.1521547619047619
0.3999179655455291,0.9928716904276986,0.15216666666666667
0.4002463054187192,0.9928716904276986,0.15233333333333332
0.4004106776180698,0.9928716904276986,0.1525
0.4005751848808546,0.9928716904276986,0.15266666666666664
0.4007398273736128,0.9928716904276986,0.1529047619047619
0.4009046052631579,0.9928716904276986,0.15338095238095237
0.40106951871657753,0.9928716904276986,0.15433333333333332
0.4012345679012346,0.9928716904276986,0.15583333333333335
0.4013997529847674,0.9928716904276986,0.1565
0.4015650741350906,0.9928716904276986,0.1574047619047619
0.40173053152039556,0.9928716904276986,0.15766666666666668
0.40189612530915086,0.9928716904276986,0.159
0.4020618556701031,0.9928716904276986,0.15900793650793651
0.40222772277227725,0.9928716904276986,0.15916666666666665
0.4023937267849773,0.9928716904276986,0.15958333333333333
0.40255986787778697,0.9928716904276986,0.16
0.40272614622057,0.9928716904276986,0.16023809523809526
0.40289256198347106,0.9928716904276986,0.16045238095238099
0.40264572137246796,0.9918533604887984,0.16083333333333336
0.40281224152191897,0.9918533604887984,0.1613888888888889
0.40297889946214316,0.9918533604887984,0.16204761904761902
0.4031456953642384,0.9918533604887984,0.16204761904761905
0.4033126293995859,0.9918533604887984,0.16207142857142856
0.40347970173985087,0.9918533604887984,0.1625
0.403646912556983,0.9918533604887984,0.16349999999999998
0.40381426202321724,0.9918533604887984,0.16373809523809527
0.40398175031107425,0.9918533604887984,0.16383333333333333
0.40431714404317143,0.9918533604887984,0.16466666666666668
0.4046530951391774,0.9918533604887984,0.16574999999999998
0.40482128013300084,0.9918533604887984,0.166
0.404989604989605,0.9918533604887984,0.16616666666666668
0.4051580698835274,0.9918533604887984,0.16716666666666669
0.40532667498959635,0.9918533604887984,0.1685
0.4054954204829309,0.9918533604887984,0.16938888888888887
0.4056643065389421,0.9918533604887984,0.16983333333333334
0.4058333333333333,0.9918533604887984,0.17008333333333334
0.405585660691955,0.9908350305498982,0.17022222222222222
0.40575479566305256,0.9908350305498982,0.17083333333333336
0.40592407175636214,0.9908350305498982,0.1716666666666667
0.40609348914858096,0.9908350305498982,0.17222222222222222
0.4062630480167015,0.9908350305498982,0.17238888888888887
0.4064327485380117,0.9908350305498982,0.17345238095238094
0.4066025908900961,0.9908350305498982,0.1745
0.4067725752508361,0.9908350305498982,0.17452380952380953
0.4069427017984107,0.9908350305498982,0.1748095238095238
0.4071129707112971,0.9908350305498982,0.17516666666666666
0.40728338216827126,0.9908350305498982,0.17583333333333337
0.4074539363484087,0.9908350305498982,0.17666666666666664
0.40762463343108507,0.9908350305498982,0.17725000000000002
0.4077954735959765,0.9908350305498982,0.17733333333333332
0.4079664570230608,0.9908350305498982,0.17750000000000005
0.40813758389261745,0.9908350305498982,0.1775714285714286
0.4083088543852287,0.9908350305498982,0.17769047619047618
0.4080604534005038,0.9898167006109979,0.17775
0.4082318353632927,0.9898167006109979,0.17816666666666667
0.4084033613445378,0.9898167006109979,0.17916666666666667
0.4085750315258512,0.9898167006109979,0.17983333333333335
0.4087468460891506,0.9898167006109979,0.18
0.40891880521665963,0.9898167006109979,0.18016666666666667
0.4090909090909091,0.9898167006109979,0.18027777777777776
0.40926315789473683,0.9898167006109979,0.18047619047619048
0.409435551811289,0.9898167006109979,0.18209523809523812
0.40960809102402024,0.9898167006109979,0.18266666666666664
0.40978077571669475,0.9898167006109979,0.18273809523809526
0.40995360607338677,0.9898167006109979,0.18358333333333335
0.41012658227848103,0.9898167006109979,0.18361904761904765
0.4102997045166737,0.9898167006109979,0.18416666666666667
0.41047297297297297,0.9898167006109979,0.18557142857142858
0.41064638783269963,0.9898167006109979,0.18572222222222223
0.41081994928148774,0.9898167006109979,0.18599999999999997
0.41099365750528544,0.9898167006109979,0.18600000000000003
0.41116751269035534,0.9898167006109979,0.18605555555555559
0.4113415150232755,0.9898167006109979,0.18671428571428572
0.41151566469093986,0.9898167006109979,0.18675
0.41168996188055906,0.9898167006109979,0.18716666666666665
0.411864406779661,0.9898167006109979,0.1875277777777778
0.4120389995760916,0.9898167006109979,0.1876666666666667
0.412388629613916,0.9898167006109979,0.18790476190476194
0.41256366723259763,0.9898167006109979,0.18808333333333332
0.41273885350318473,0.9898167006109979,0.18833333333333332
0.4129141886151232,0.9898167006109979,0.18833333333333335
0.41308967275818104,0.9898167006109979,0.1885
0.41344108889834114,0.9898167006109979,0.18883333333333335
0.4136170212765957,0.9898167006109979,0.18961111111111112
0.41379310344827586,0.9898167006109979,0.1897380952380952
0.41396933560477,0.9898167006109979,0.18985714285714286
0.4141457179377929,0.9898167006109979,0.19033333333333335
0.41389599317988063,0.9887983706720977,0.19050000000000003
0.41407249466950957,0.9887983706720977,0.19072222222222224
0.41424914675767915,0.9887983706720977,0.19083333333333333
0.41442594963721724,0.9887983706720977,0.19105555555555553
0.414602903501281,0.9887983706720977,0.19150000000000003
0.41478000854335756,0.9887983706720977,0.1919047619047619
0.41452991452991456,0.9877800407331976,0.1923214285714286
0.41470713980333473,0.9877800407331976,0.19355555555555554
0.41488451668092385,0.9877800407331976,0.19416666666666668
0.4150620453572957,0.9877800407331976,0.1944761904761905
0.4152397260273973,0.9877800407331976,0.1946190476190476
0.4149892933618844,0.9867617107942973,0.1948809523809524
0.41516709511568123,0.9867617107942973,0.195
0.4153450492927561,0.9867617107942973,0.19516666666666665
0.4155231560891938,0.9867617107942973,0.19555555555555557
0.4157014157014157,0.9867617107942973,0.19558333333333333
0.41587982832618026,0.9867617107942973,0.19583333333333328
0.41605839416058393,0.9867617107942973,0.1965
0.4162371134020619,0.9867617107942973,0.1969047619047619
0.41573516766981944,0.984725050916497,0.19699999999999998
0.41591397849462364,0.984725050916497,0.19716666666666668
0.41609294320137696,0.984725050916497,0.19766666666666668
0.41627206198880756,0.984725050916497,0.19808333333333336
0.4164513350559862,0.984725050916497,0.19833333333333336
0.41663076260232657,0.984725050916497,0.1991666666666667
0.4168103448275862,0.984725050916497,0.19999999999999996
0.4169900819318672,0.984725050916497,0.20016666666666666
0.4171699741156169,0.984725050916497,0.2003333333333333
0.4173500215796288,0.984725050916497,0.20083333333333336
0.4170984455958549,0.9837067209775967,0.20149999999999998
0.41727861771058317,0.9837067209775967,0.20171428571428573
0.41745894554883317,0.9837067209775967,0.2025
0.4176394293125811,0.9837067209775967,0.20280555555555563
0.41782006920415227,0.9837067209775967,0.2028333333333333
0.41818181818181815,0.9837067209775967,0.203
0.4183629276743179,0.9837067209775967,0.2031825396825397
0.41811091854419413,0.9826883910386965,0.20323809523809522
0.4182921543129606,0.9826883910386965,0.20383333333333334
0.4184735472679965,0.9826883910386965,0.20397619047619045
0.41865509761388287,0.9826883910386965,0.20407142857142863
0.4188368055555556,0.9826883910386965,0.20416666666666664
0.41901867129830656,0.9826883910386965,0.2053333333333333
0.41876629018245004,0.9816700610997964,0.20539285714285715
0.418948283355063,0.9816700610997964,0.20650000000000002
0.4191304347826087,0.9816700610997964,0.20814285714285716
0.41931274467159635,0.9816700610997964,0.20880952380952383
0.41906005221932113,0.9806517311608961,0.2089047619047619
0.41924249020461474,0.9806517311608961,0.21016666666666667
0.41942508710801396,0.9806517311608961,0.21066666666666667
0.4197907585004359,0.9806517311608961,0.21100000000000002
0.4199738334060183,0.9806517311608961,0.2116428571428571
0.4201570680628272,0.9806517311608961,0.21215476190476196
0.4203404626800524,0.9806517311608961,0.21230952380952384
0.42052401746724893,0.9806517311608961,0.213
0.4208916083916084,0.9806517311608961,0.21315476190476193
0.4210756449497158,0.9806517311608961,0.2133928571428571
0.421259842519685,0.9806517311608961,0.21380952380952378
0.42144420131291027,0.9806517311608961,0.21405555555555555
0.4216287215411559,0.9806517311608961,0.21407142857142858
0.42181340341655715,0.9806517311608961,0.21416666666666664
0.4219982471516214,0.9806517311608961,0.21419696969696972
0.42218325295922843,0.9806517311608961,0.21421428571428575
0.42236842105263156,0.9806517311608961,0.21448809523809526
0.42255375164545855,0.9806517311608961,0.21466666666666664
0.422739244951712,0.9806517311608961,0.21558333333333335
0.42292490118577075,0.9806517311608961,0.21566666666666662
0.4231107205623902,0.9806517311608961,0.21566666666666667
0.4228571428571429,0.9796334012219959,0.21573809523809523
0.4230430958663149,0.9796334012219959,0.21575
0.4232292124945007,0.9796334012219959,0.21583333333333335
0.4234154929577465,0.9796334012219959,0.21638888888888885
0.4236019374724791,0.9796334012219959,0.21683333333333332
0.4233480176211454,0.9786150712830958,0.21707142857142858
0.4235345967386514,0.9786150712830958,0.21783333333333335
0.4237213403880071,0.9786150712830958,0.21807142857142858
0.4239082487869431,0.9786150712830958,0.21883333333333335
0.42428256070640175,0.9786150712830958,0.21890476190476185
0.424469964664311,0.9786150712830958,0.21899999999999997
0.4246575342465753,0.9786150712830958,0.21957142857142864
0.4248452696728559,0.9786150712830958,0.21966666666666668
0.4250331711632021,0.9786150712830958,0.2199047619047619
0.4252212389380531,0.9786150712830958,0.22008333333333333
0.42540947321823813,0.9786150712830958,0.22033333333333335
0.42559787422497786,0.9786150712830958,0.221479797979798
0.4257864421798848,0.9786150712830958,0.22157142857142859
0.42597517730496454,0.9786150712830958,0.22166666666666665
0.4261640798226164,0.9786150712830958,0.2225
0.4259094942324756,0.9775967413441955,0.22258333333333336
0.42609853528628494,0.9775967413441955,0.22299999999999998
0.42628774422735344,0.9775967413441955,0.22349999999999998
0.4264771212794314,0.9775967413441955,0.22396825396825396
0.4266666666666667,0.9775967413441955,0.2240833333333333
0.42685638061360603,0.9775967413441955,0.22416666666666665
0.42704626334519574,0.9775967413441955,0.22433333333333338
0.4272363150867824,0.9775967413441955,0.22447619047619047
0.42742653606411396,0.9775967413441955,0.2253888888888889
0.42761692650334077,0.9775967413441955,0.22833333333333333
0.42780748663101603,0.9775967413441955,0.22866666666666668
0.4279982166740972,0.9775967413441955,0.22883333333333336
0.4281891168599465,0.9775967413441955,0.22965476190476186
0.428380187416332,0.9775967413441955,0.23
0.42857142857142855,0.9775967413441955,0.2303333333333333
0.4287628405538187,0.9775967413441955,0.23107142857142857
0.4289544235924933,0.9775967413441955,0.23209523809523808
0.42914617791685294,0.9775967413441955,0.23373809523809524
0.4288908765652952,0.9765784114052953,0.2342142857142858
0.429082774049217,0.9765784114052953,0.2344166666666667
0.42927484333034915,0.9765784114052953,0.23442857142857143
0.42946708463949845,0.9765784114052953,0.235
0.4296594982078853,0.9765784114052953,0.2351666666666667
0.4298520842671448,0.9765784114052953,0.23668253968253972
0.43004484304932733,0.9765784114052953,0.23704761904761906
0.4297891431135038,0.9755600814663951,0.2371666666666667
0.42998204667863554,0.9755600814663951,0.2374047619047619
0.4301751234845083,0.9755600814663951,0.2375
0.4303683737646002,0.9755600814663951,0.23750000000000004
0.430561797752809,0.9755600814663951,0.2381904761904762
0.4307553956834532,0.9755600814663951,0.2384761904761905
0.43094916779127307,0.9755600814663951,0.2389047619047619
0.4306930693069307,0.9745417515274949,0.23933333333333334
0.4308869878433138,0.9745417515274949,0.23964285714285719
0.43108108108108106,0.9745417515274949,0.2401666666666667
0.4312753492564218,0.9745417515274949,0.24041666666666672
0.4314697926059513,0.9745417515274949,0.24066666666666672
0.4316644113667118,0.9745417515274949,0.24073809523809525
0.43185920577617326,0.9745417515274949,0.24100000000000002
0.4320541760722348,0.9745417515274949,0.2419880952380952
0.43224932249322495,0.9745417515274949,0.24214285714285716
0.4324446452779033,0.9745417515274949,0.24216666666666664
0.43264014466546113,0.9745417515274949,0.24216666666666672
0.43283582089552236,0.9745417515274949,0.24300000000000005
0.4330316742081448,0.9745417515274949,0.24307142857142858
0.4332277048438207,0.9745417515274949,0.2435714285714285
0.43342391304347827,0.9745417515274949,0.24483333333333335
0.4336202990484821,0.9745417515274949,0.2451190476190476
0.4338168631006346,0.9745417515274949,0.24533333333333332
0.4340136054421769,0.9745417515274949,0.24583333333333335
0.4342105263157895,0.9745417515274949,0.24591666666666667
0.43440762596459376,0.9745417515274949,0.24633333333333338
0.43460490463215257,0.9745417515274949,0.24679365079365087
0.4343480236256247,0.9735234215885947,0.24683333333333338
0.43454545454545457,0.9735234215885947,0.24699999999999997
0.4347430650295589,0.9735234215885947,0.24740476190476188
0.4349408553230209,0.9735234215885947,0.24800000000000005
0.4351388256713701,0.9735234215885947,0.24966666666666662
0.4353369763205829,0.9735234215885947,0.24966666666666668
0.4355353075170843,0.9735234215885947,0.25116666666666665
0.4357338195077484,0.9735234215885947,0.25183333333333335
0.4359325125398997,0.9735234215885947,0.2519880952380953
0.43613138686131386,0.9735234215885947,0.252
0.4363304427202191,0.9735234215885947,0.25200000000000006
0.4365296803652968,0.9735234215885947,0.25250000000000006
0.43672910004568294,0.9735234215885947,0.2535
0.4369287020109689,0.9735234215885947,0.25369047619047624
0.43712848651120256,0.9735234215885947,0.25383333333333336
0.4373284537968893,0.9735234215885947,0.2538888888888889
0.43752860411899314,0.9735234215885947,0.2542142857142857
0.43727106227106227,0.9725050916496945,0.25516666666666665
0.4374713696747595,0.9725050916496945,0.25530952380952376
0.4376718606782768,0.9725050916496945,0.25559523809523815
0.437414030261348,0.9714867617107943,0.25572222222222224
0.43761467889908257,0.9714867617107943,0.2558888888888889
0.4378155117026159,0.9714867617107943,0.2565
0.4377583830960037,0.9704684317718941,0.2568095238095238
0.4375,0.9694501018329938,0.25766666666666665
0.4377011494252874,0.9694501018329938,0.25802380952380954
0.43790248390064396,0.9694501018329938,0.25833333333333336
0.43810400368154623,0.9694501018329938,0.25841666666666674
0.43830570902394106,0.9694501018329938,0.25847222222222227
0.4385076001842469,0.9694501018329938,0.2590476190476191
0.43870967741935485,0.9694501018329938,0.261
0.43911439114391143,0.9694501018329938,0.26133333333333336
0.43931702814951545,0.9694501018329938,0.2615
0.43946395563770796,0.9684317718940937,0.26163095238095235
0.439204808136847,0.9674134419551935,0.2618333333333333
0.43940795559666973,0.9674134419551935,0.2619047619047619
0.4396112910689496,0.9674134419551935,0.26233333333333336
0.4398148148148148,0.9674134419551935,0.2626388888888889
0.44001852709587774,0.9674134419551935,0.26316666666666666
0.4402224281742354,0.9674134419551935,0.26354761904761903
0.44042651831247104,0.9674134419551935,0.2638333333333333
0.44063079777365494,0.9674134419551935,0.26485714285714285
0.4408352668213457,0.9674134419551935,0.2651269841269841
0.44103992571959144,0.9674134419551935,0.26522222222222225
0.4412447747329308,0.9674134419551935,0.2652380952380953
0.44144981412639406,0.9674134419551935,0.26541666666666663
0.44165504416550444,0.9674134419551935,0.2658333333333333
0.4413953488372093,0.9663951120162932,0.26657142857142857
0.44113541181945093,0.9653767820773931,0.26662698412698416
0.441340782122905,0.9653767820773931,0.26708333333333334
0.44108057755006985,0.9643584521384929,0.26875
0.4412861136999068,0.9643584521384929,0.26916666666666667
0.4414918414918415,0.9643584521384929,0.26999999999999996
0.4412313432835821,0.9633401221995926,0.2704761904761905
0.44097060195986937,0.9623217922606925,0.2705
0.4411764705882353,0.9623217922606925,0.2705714285714286
0.4413825315273237,0.9623217922606925,0.27066666666666667
0.441588785046729,0.9623217922606925,0.271015873015873
0.4417952314165498,0.9623217922606925,0.2711666666666667
0.44200187090739007,0.9623217922606925,0.2712380952380952
0.4422087037903603,0.9623217922606925,0.2721666666666667
0.44241573033707865,0.9623217922606925,0.2724761904761905
0.4426229508196721,0.9623217922606925,0.2729047619047619
0.44283036551077787,0.9623217922606925,0.27363888888888893
0.4430379746835443,0.9623217922606925,0.27425
0.4432457786116323,0.9623217922606925,0.2743214285714286
0.44345377756921633,0.9623217922606925,0.27472222222222226
0.44366197183098594,0.9623217922606925,0.27489285714285716
0.44387036167214655,0.9623217922606925,0.275
0.4440789473684211,0.9623217922606925,0.2755
0.44428772919605075,0.9623217922606925,0.27663888888888893
0.4444967074317968,0.9623217922606925,0.27691666666666676
0.4447058823529412,0.9623217922606925,0.27754761904761904
0.4449152542372881,0.9623217922606925,0.27761904761904765
0.44512482336316533,0.9623217922606925,0.279
0.44533459000942505,0.9623217922606925,0.2793333333333333
0.44554455445544555,0.9623217922606925,0.2793333333333334
0.44575471698113206,0.9623217922606925,0.28025
0.44596507786691836,0.9623217922606925,0.2804047619047619
0.4461756373937677,0.9623217922606925,0.2805
0.4463863958431743,0.9623217922606925,0.28080952380952384
0.44659735349716445,0.9623217922606925,0.2813333333333334
0.44633569739952716,0.9613034623217923,0.2816666666666666
0.44654683065279094,0.9613034623217923,0.2821666666666667
0.44696969696969696,0.9613034623217923,0.28216666666666673
0.4471814306016106,0.9613034623217923,0.2831388888888889
0.44739336492890996,0.9613034623217923,0.28316666666666657
0.4476055002370792,0.9613034623217923,0.2841666666666667
0.4478178368121442,0.9613034623217923,0.2845
0.44803037494067394,0.9613034623217923,0.28476190476190477
0.4482431149097816,0.9613034623217923,0.28490476190476194
0.4484560570071259,0.9613034623217923,0.2852575757575757
0.4481939163498099,0.960285132382892,0.2855670995670996
0.4484070375653828,0.960285132382892,0.2855714285714286
0.4486203615604186,0.960285132382892,0.2861666666666667
0.44883388862446455,0.960285132382892,0.28663095238095243
0.44904761904761903,0.960285132382892,0.2868333333333334
0.44926155312053356,0.960285132382892,0.28723809523809524
0.4494756911344137,0.960285132382892,0.28750000000000003
0.4496900333810205,0.960285132382892,0.2876190476190476
0.44990458015267176,0.960285132382892,0.2876666666666667
0.45011933174224344,0.960285132382892,0.28772222222222227
0.45033428844317097,0.960285132382892,0.28800000000000003
0.45054945054945056,0.960285132382892,0.2883333333333333
0.45076481835564053,0.960285132382892,0.28833333333333333
0.45098039215686275,0.960285132382892,0.2884166666666666
0.4511961722488038,0.960285132382892,0.28854761904761905
0.45141215892771663,0.960285132382892,0.28858333333333325
0.45162835249042144,0.960285132382892,0.28900000000000003
0.4518447532343076,0.960285132382892,0.28940476190476194
0.4520613614573346,0.960285132382892,0.2901666666666667
0.45227817745803356,0.960285132382892,0.2906666666666667
0.45249520153550865,0.960285132382892,0.2907817460317461
0.45271243398943833,0.960285132382892,0.29110317460317464
0.4529298751200769,0.960285132382892,0.2922142857142857
0.45314752522825563,0.960285132382892,0.29224999999999995
0.4533653846153846,0.960285132382892,0.29266666666666663
0.4535834535834536,0.960285132382892,0.2927142857142857
0.4538017324350337,0.960285132382892,0.2927976190476191
0.45402022147327875,0.960285132382892,0.293
0.4542389210019268,0.960285132382892,0.29300000000000004
0.4544578313253012,0.960285132382892,0.29340476190476195
0.45467695274831244,0.960285132382892,0.2940238095238096
0.4548962855764592,0.960285132382892,0.29470238095238094
0.4551158301158301,0.960285132382892,0.29480952380952374
0.45533558667310475,0.960285132382892,0.29480952380952385
0.45555555555555555,0.960285132382892,0.2948333333333333
0.4557757370710488,0.960285132382892,0.2948333333333334
0.4559961315280464,0.960285132382892,0.2950833333333333
0.4562167392356072,0.960285132382892,0.29516666666666663
0.4564375605033882,0.960285132382892,0.2960714285714286
0.4566585956416465,0.960285132382892,0.2961190476190476
0.4568798449612403,0.960285132382892,0.29657142857142854
0.45710130877363064,0.960285132382892,0.29740476190476195
0.4573229873908826,0.960285132382892,0.29766666666666663
0.45754488112566716,0.960285132382892,0.2986666666666667
0.4577669902912621,0.960285132382892,0.29899999999999993
0.45798931520155417,0.960285132382892,0.29957142857142854
0.4582118561710398,0.960285132382892,0.30190476190476195
0.4584346135148274,0.960285132382892,0.30195238095238097
0.4581712062256809,0.9592668024439919,0.30199999999999994
0.4583941605839416,0.9592668024439919,0.3020714285714286
0.45861733203505356,0.9592668024439919,0.30225
0.4588407208962494,0.9592668024439919,0.3025238095238096
0.4590643274853801,0.9592668024439919,0.30266666666666664
0.4592881521209166,0.9592668024439919,0.3028214285714286
0.45951219512195124,0.9592668024439919,0.3030476190476191
0.45973645680819913,0.9592668024439919,0.3033095238095238
0.4599609375,0.9592668024439919,0.30333333333333334
0.4601856375183195,0.9592668024439919,0.3034603174603175
0.4604105571847507,0.9592668024439919,0.3045833333333333
0.4606356968215159,0.9592668024439919,0.3051666666666667
0.4603718199608611,0.9582484725050916,0.3055833333333333
0.46059716103768966,0.9582484725050916,0.3060555555555555
0.460822722820764,0.9582484725050916,0.3065
0.4610485056344929,0.9582484725050916,0.30673809523809525
0.4612745098039216,0.9582484725050916,0.30740476190476196
0.46101029916625796,0.9572301425661914,0.3077857142857143
0.46123650637880276,0.9572301425661914,0.30800000000000005
0.46146293568973984,0.9572301425661914,0.30891666666666673
0.4611984282907662,0.9562118126272913,0.30896428571428575
0.46093366093366095,0.955193482688391,0.30902380952380953
0.4606686332350049,0.9541751527494908,0.3093809523809524
0.4608952287260207,0.9541751527494908,0.30949999999999994
0.4611220472440945,0.9541751527494908,0.3106547619047619
0.46134908911866074,0.9541751527494908,0.3106666666666667
0.46157635467980296,0.9541751527494908,0.3108095238095238
0.4618038442582553,0.9541751527494908,0.31080952380952387
0.4620315581854043,0.9541751527494908,0.31125
0.4622594967932906,0.9541751527494908,0.3113333333333334
0.4624876604146101,0.9541751527494908,0.3114880952380952
0.46271604938271604,0.9541751527494908,0.31178571428571433
0.46294466403162055,0.9541751527494908,0.3119047619047619
0.46317350469599605,0.9541751527494908,0.31283333333333335
0.46340257171117705,0.9541751527494908,0.31366666666666665
0.4631370608609599,0.9531568228105907,0.31375
0.4633663366336634,0.9531568228105907,0.31488095238095243
0.4635958395245171,0.9531568228105907,0.3153333333333334
0.46333002973240833,0.9521384928716904,0.3158333333333333
0.4635597421913733,0.9521384928716904,0.31590476190476197
0.46378968253968256,0.9521384928716904,0.31597619047619047
0.4640198511166253,0.9521384928716904,0.31614285714285717
0.4642502482621648,0.9521384928716904,0.31633333333333336
0.4644808743169399,0.9521384928716904,0.317
0.4647117296222664,0.9521384928716904,0.3170714285714286
0.46494281452013925,0.9521384928716904,0.31738095238095243
0.4646766169154229,0.9511201629327902,0.3175
0.4649079143852663,0.9511201629327902,0.3178333333333334
0.4651394422310757,0.9511201629327902,0.3179047619047619
0.4653712007972098,0.9511201629327902,0.31794841269841273
0.46560319042871384,0.9511201629327902,0.3181666666666667
0.4658354114713217,0.9511201629327902,0.3185357142857143
0.4660678642714571,0.9511201629327902,0.3187142857142857
0.46630054917623565,0.9511201629327902,0.31923809523809527
0.46653346653346656,0.9511201629327902,0.3197857142857143
0.4662668665667166,0.9501018329938901,0.3203095238095239
0.4665,0.9501018329938901,0.3203333333333333
0.46673336668334164,0.9501018329938901,0.32083333333333336
0.466966966966967,0.9501018329938901,0.3211666666666666
0.4672008012018027,0.9501018329938901,0.32116666666666666
0.46693386773547096,0.9490835030549898,0.3213333333333333
0.46716791979949873,0.9490835030549898,0.32166666666666666
0.4674022066198596,0.9490835030549898,0.3216666666666667
0.4676367285499247,0.9490835030549898,0.32175
0.4678714859437751,0.9490835030549898,0.3218333333333333
0.4681064791562029,0.9490835030549898,0.322
0.46834170854271356,0.9490835030549898,0.32205952380952385
0.4685771744595274,0.9490835030549898,0.3222380952380952
0.4688128772635815,0.9490835030549898,0.3223571428571428
0.46904881731253145,0.9490835030549898,0.32247222222222227
0.4692849949647533,0.9490835030549898,0.3231666666666666
0.4695214105793451,0.9490835030549898,0.32407142857142857
0.4692540322580645,0.9480651731160896,0.3242142857142858
0.4694906707009581,0.9480651731160896,0.3242380952380952
0.46972754793138244,0.9480651731160896,0.32433333333333336
0.46996466431095407,0.9480651731160896,0.3245
0.4702020202020202,0.9480651731160896,0.32475000000000004
0.47043961596766043,0.9480651731160896,0.325
0.4706774519716886,0.9480651731160896,0.325404761904762
0.47091552857865454,0.9480651731160896,0.3257380952380952
0.47115384615384615,0.9480651731160896,0.3257738095238096
0.47139240506329116,0.9480651731160896,0.32691666666666663
0.4716312056737589,0.9480651731160896,0.3275714285714285
0.4718702483527623,0.9480651731160896,0.3279047619047619
0.4716024340770791,0.9470468431771895,0.3280714285714286
0.471841704718417,0.9470468431771895,0.3280833333333333
0.4720812182741117,0.9470468431771895,0.32852380952380955
0.4723209751142712,0.9470468431771895,0.32899999999999996
0.4725609756097561,0.9470468431771895,0.3292380952380952
0.472801220132181,0.9470468431771895,0.32983333333333337
0.47304170905391657,0.9470468431771895,0.3299166666666666
0.4732824427480916,0.9470468431771895,0.32998809523809525
0.47352342158859473,0.9470468431771895,0.33009523809523805
0.47325522159959243,0.9460285132382892,0.3301428571428572
0.47349643221202853,0.9460285132382892,0.3302380952380953
0.47373788883222845,0.9460285132382892,0.33025
0.4739795918367347,0.9460285132382892,0.3303690476190475
0.47371107708014293,0.945010183299389,0.3313333333333334
0.473953013278856,0.945010183299389,0.33147619047619054
0.4741951967296883,0.945010183299389,0.33161904761904765
0.47443762781186094,0.945010183299389,0.33183333333333337
0.47468030690537083,0.945010183299389,0.3321666666666666
0.4749232343909928,0.945010183299389,0.3327857142857143
0.47516641065028165,0.945010183299389,0.333
0.47540983606557374,0.945010183299389,0.33322222222222225
0.47565351101998976,0.945010183299389,0.33338095238095244
0.4758974358974359,0.945010183299389,0.3334761904761905
0.47614161108260644,0.945010183299389,0.33364285714285713
0.47638603696098564,0.945010183299389,0.33382142857142855
0.47663071391884954,0.945010183299389,0.3338888888888889
0.4763617677286742,0.9439918533604889,0.3341666666666667
0.47660668380462723,0.9439918533604889,0.3345
0.47685185185185186,0.9439918533604889,0.3347222222222222
0.4770972722593927,0.9439918533604889,0.3351428571428572
0.47734294541709577,0.9439918533604889,0.33548809523809525
0.4775888717156105,0.9439918533604889,0.33558333333333334
0.4778350515463918,0.9439918533604889,0.3363095238095239
0.4780814853017019,0.9439918533604889,0.33666666666666667
0.47781217750258,0.9429735234215886,0.3373333333333333
0.4775425916365514,0.9419551934826884,0.3374761904761905
0.4777892561983471,0.9419551934826884,0.33766666666666667
0.4780361757105943,0.9419551934826884,0.3382142857142857
0.47776628748707345,0.9409368635437881,0.3385
0.47801345059493017,0.9409368635437881,0.33866666666666667
0.4782608695652174,0.9409368635437881,0.3390000000000001
0.4785085447954428,0.9409368635437881,0.33933333333333343
0.47875647668393784,0.9409368635437881,0.3400000000000001
0.4784862623120788,0.939918533604888,0.3408333333333334
0.4787344398340249,0.939918533604888,0.34149999999999997
0.4789828749351323,0.939918533604888,0.341702380952381
0.47923156801661476,0.939918533604888,0.34199999999999997
0.4794805194805195,0.939918533604888,0.34228571428571436
0.4797297297297297,0.939918533604888,0.3429484126984127
0.4799791991679667,0.939918533604888,0.34299999999999997
0.4802289281997919,0.939918533604888,0.34305555555555556
0.48047891723060904,0.939918533604888,0.3433333333333334
0.48072916666666665,0.939918533604888,0.34357142857142864
0.48097967691505994,0.939918533604888,0.3436666666666667
0.4812304483837331,0.939918533604888,0.3440714285714286
0.48148148148148145,0.939918533604888,0.3442777777777778
0.48173277661795405,0.939918533604888,0.34541666666666665
0.48198433420365533,0.939918533604888,0.34573809523809523
0.48171368861024033,0.9389002036659878,0.3458809523809524
0.48196549921589127,0.9389002036659878,0.3461428571428571
0.48221757322175735,0.9389002036659878,0.3461666666666667
0.4824699110413396,0.9389002036659878,0.3468095238095238
0.4827225130890052,0.9389002036659878,0.3468333333333334
0.4829753797799895,0.9389002036659878,0.3469047619047619
0.48348190875721025,0.9389002036659878,0.3471666666666667
0.4837355718782791,0.9389002036659878,0.3474047619047619
0.483989501312336,0.9389002036659878,0.34745238095238096
0.4842436974789916,0.9389002036659878,0.3478888888888889
0.4839726747241198,0.9378818737270875,0.3481825396825397
0.4842271293375394,0.9378818737270875,0.3483650793650794
0.4844818516570226,0.9378818737270875,0.3484047619047619
0.48473684210526313,0.9378818737270875,0.34911904761904766
0.48446550816219064,0.9368635437881874,0.3492936507936508
0.48419388830347737,0.9358452138492872,0.34941666666666665
0.4844491302055878,0.9358452138492872,0.34988095238095235
0.48470464135021096,0.9358452138492872,0.34998809523809526
0.48496042216358837,0.9358452138492872,0.3499999999999999
0.48521647307286164,0.9358452138492872,0.3503095238095238
0.485472794506075,0.9358452138492872,0.35033333333333333
0.4857293868921776,0.9358452138492872,0.3506666666666666
0.4854574299312533,0.9348268839103869,0.35071428571428565
0.4857142857142857,0.9348268839103869,0.35100000000000003
0.4859714134462679,0.9348268839103869,0.3515
0.486228813559322,0.9348268839103869,0.3521666666666667
0.4864864864864865,0.9348268839103869,0.3522222222222222
0.48621420996818665,0.9338085539714868,0.3533333333333333
0.48594164456233424,0.9327902240325866,0.35333333333333344
0.485926712692512,0.9317718940936863,0.3534999999999999
0.485653560042508,0.9307535641547862,0.35350000000000004
0.4859117490696438,0.9307535641547862,0.3541269841269842
0.48617021276595745,0.9307535641547862,0.354595238095238
0.48642895156998406,0.9307535641547862,0.35466666666666663
0.48668796592119273,0.9307535641547862,0.3546666666666667
0.48720682302771856,0.9307535641547862,0.35497619047619056
0.48746666666666666,0.9307535641547862,0.35523809523809524
0.4871931696905016,0.929735234215886,0.35583333333333333
0.4874532835024026,0.929735234215886,0.35591666666666666
0.48717948717948717,0.9287169042769857,0.35633333333333334
0.48743987172634956,0.9287169042769857,0.3566666666666667
0.48770053475935826,0.9287169042769857,0.35678571428571426
0.48796147672552165,0.9287169042769857,0.357
0.48822269807280516,0.9287169042769857,0.3572142857142857
0.4884841992501339,0.9287169042769857,0.35798809523809516
0.4887459807073955,0.9287169042769857,0.35800000000000004
0.48900804289544236,0.9287169042769857,0.3585714285714286
0.4892703862660944,0.9287169042769857,0.3587738095238094
0.48899624261943103,0.9276985743380856,0.3593333333333334
0.4892588614393126,0.9276985743380856,0.3594047619047619
0.48952176249328316,0.9276985743380856,0.35947619047619045
0.489247311827957,0.9266802443991853,0.36
0.4889725658956428,0.9256619144602851,0.3601904761904763
0.4892357373519914,0.9256619144602851,0.3605
0.4894991922455573,0.9256619144602851,0.3613170995670997
0.48976293103448276,0.9256619144602851,0.3614880952380953
0.4900269541778976,0.9256619144602851,0.36166666666666664
0.49029126213592233,0.9256619144602851,0.36208333333333337
0.4900161899622234,0.924643584521385,0.36216666666666675
0.490280777537797,0.924643584521385,0.3625714285714286
0.4908108108108108,0.924643584521385,0.3626580086580087
0.4905354245538129,0.9236252545824847,0.36266666666666664
0.4908008658008658,0.9236252545824847,0.36273809523809525
0.49106659447753115,0.9236252545824847,0.3629444444444445
0.49079089924160346,0.9226069246435845,0.36324999999999996
0.4905149051490515,0.9215885947046843,0.3633888888888889
0.49023861171366595,0.9205702647657841,0.3635714285714286
0.4899620184481823,0.9195519348268839,0.3636666666666666
0.49022801302931596,0.9195519348268839,0.36394444444444446
0.49049429657794674,0.9195519348268839,0.36425
0.4907608695652174,0.9195519348268839,0.36449999999999994
0.4910277324632953,0.9195519348268839,0.3645238095238096
0.4912948857453754,0.9195519348268839,0.3645714285714286
0.49156232988568316,0.9195519348268839,0.36464285714285716
0.4918300653594771,0.9195519348268839,0.3646666666666667
0.49155313351498636,0.9185336048879837,0.36476984126984136
0.49127589967284624,0.9175152749490835,0.36480952380952375
0.49154391707583195,0.9175152749490835,0.36497619047619057
0.4912663755458515,0.9164969450101833,0.3652380952380952
0.4915346805024577,0.9164969450101833,0.3658809523809524
0.4912568306010929,0.9154786150712831,0.36674603174603176
0.490978676872608,0.9144602851323829,0.3668333333333333
0.4912472647702407,0.9144602851323829,0.3671428571428571
0.4915161466885605,0.9144602851323829,0.3673809523809525
0.49178532311062434,0.9144602851323829,0.36816666666666664
0.49205479452054796,0.9144602851323829,0.36847619047619046
0.4923245614035088,0.9144602851323829,0.36848412698412697
0.4925946242457488,0.9144602851323829,0.3685
0.49286498353457736,0.9144602851323829,0.3685555555555555
0.49313563975837454,0.9144602851323829,0.36897619047619046
0.49340659340659343,0.9144602851323829,0.36900000000000005
0.4936778449697636,0.9144602851323829,0.3690555555555556
0.49394939493949397,0.9144602851323829,0.36916666666666664
0.4942212438084755,0.9144602851323829,0.3694761904761905
0.4944933920704846,0.9144602851323829,0.36950000000000005
0.49421487603305786,0.9134419551934827,0.36953174603174604
0.49448732083792724,0.9134419551934827,0.36958333333333343
0.4947600661886376,0.9134419551934827,0.36983333333333335
0.49503311258278143,0.9134419551934827,0.36990476190476185
0.49530646051905025,0.9134419551934827,0.37
0.49558011049723755,0.9134419551934827,0.37066666666666676
0.49585406301824214,0.9134419551934827,0.3707222222222222
0.4961283185840708,0.9134419551934827,0.37133333333333335
0.49640287769784175,0.9134419551934827,0.37183333333333335
0.49667774086378735,0.9134419551934827,0.3719047619047619
0.496398891966759,0.9124236252545825,0.3721904761904761
0.49667405764966743,0.9124236252545825,0.3722857142857143
0.4963948973932335,0.9114052953156823,0.37240476190476185
0.49667036625971145,0.9114052953156823,0.3726071428571428
0.4969461410327596,0.9114052953156823,0.37288888888888894
0.49666666666666665,0.9103869653767821,0.3732857142857143
0.49694274596998333,0.9103869653767821,0.3735
0.4972191323692992,0.9103869653767821,0.3739047619047619
0.4974958263772955,0.9103869653767821,0.3742261904761905
0.4977728285077951,0.9103869653767821,0.37424999999999997
0.49749303621169916,0.9093686354378818,0.37449999999999994
0.4977703455964326,0.9093686354378818,0.3747142857142856
0.49804796430563303,0.9093686354378818,0.37473809523809526
0.49832589285714285,0.9093686354378818,0.3748333333333334
0.49860413176996093,0.9093686354378818,0.3750833333333333
0.4988826815642458,0.9093686354378818,0.3753333333333333
0.4991615427613192,0.9093686354378818,0.3753333333333334
0.4994407158836689,0.9093686354378818,0.37547619047619046
0.49972020145495244,0.9093686354378818,0.3754880952380952
0.49944008958566627,0.9083503054989817,0.3767380952380953
0.4991596638655462,0.9073319755600815,0.37680952380952376
0.4994394618834081,0.9073319755600815,0.377
0.4997195737521032,0.9073319755600815,0.37715873015873014
0.4994388327721661,0.9063136456211812,0.3771666666666666
0.4991577765300393,0.905295315682281,0.37741666666666673
0.499438202247191,0.905295315682281,0.37766666666666665
0.49971894322653176,0.905295315682281,0.3780555555555556
0.5,0.905295315682281,0.37816666666666665
0.5002813731007316,0.905295315682281,0.3782380952380952
0.5005630630630631,0.905295315682281,0.37833333333333335
0.5008450704225352,0.905295315682281,0.3786190476190477
0.5011273957158963,0.905295315682281,0.3787380952380952
0.5014100394811055,0.905295315682281,0.37898809523809524
0.5011286681715575,0.9042769857433809,0.379
0.5014116318464145,0.9042769857433809,0.37949999999999995
0.5016949152542373,0.9042769857433809,0.37983333333333325
0.5019785189372526,0.9042769857433809,0.3801428571428571
0.502262443438914,0.9042769857433809,0.3801666666666666
0.5019807583474816,0.9032586558044806,0.38027777777777777
0.5022650056625142,0.9032586558044806,0.3802813852813853
0.5025495750708215,0.9032586558044806,0.38047222222222216
0.5028344671201814,0.9032586558044806,0.38049999999999995
0.5031196823596142,0.9032586558044806,0.38054761904761913
0.503405221339387,0.9032586558044806,0.3808611111111111
0.5036910846110164,0.9032586558044806,0.381
0.5039772727272728,0.9032586558044806,0.38108333333333333
0.504263786242183,0.9032586558044806,0.3811904761904762
0.5045506257110353,0.9032586558044806,0.38134090909090906
0.504268639726807,0.9022403258655805,0.3818571428571429
0.5045558086560364,0.9022403258655805,0.38211904761904747
0.5048433048433049,0.9022403258655805,0.38266666666666665
0.5051311288483467,0.9022403258655805,0.3829166666666666
0.5054192812321734,0.9022403258655805,0.38300000000000006
0.5059965733866362,0.9022403258655805,0.3831428571428572
0.5062857142857143,0.9022403258655805,0.38316666666666666
0.5065751858204688,0.9022403258655805,0.383547619047619
0.5068649885583524,0.9022403258655805,0.3835833333333333
0.5071551230681167,0.9022403258655805,0.38390476190476186
0.5074455899198167,0.9022403258655805,0.3839999999999999
0.5077363896848137,0.9022403258655805,0.3840634920634922
0.5080275229357798,0.9022403258655805,0.3840714285714285
0.5083189902467011,0.9022403258655805,0.38477380952380946
0.5086107921928817,0.9022403258655805,0.3848141025641025
0.5089029293509477,0.9022403258655805,0.38500000000000006
0.5091954022988506,0.9022403258655805,0.38549999999999995
0.5094882116158712,0.9022403258655805,0.3860714285714286
0.5097813578826237,0.9022403258655805,0.3861111111111111
0.5100748416810593,0.9022403258655805,0.38664285714285707
0.5103686635944701,0.9022403258655805,0.38666666666666666
0.5106628242074928,0.9022403258655805,0.38683333333333336
0.510957324106113,0.9022403258655805,0.38699999999999996
0.5106751298326602,0.9012219959266803,0.387
0.5109699769053118,0.9012219959266803,0.38727777777777767
0.511265164644714,0.9012219959266803,0.38755952380952374
0.5115606936416185,0.9012219959266803,0.38775
0.5118565644881434,0.9012219959266803,0.3888333333333333
0.5121527777777778,0.9012219959266803,0.389
0.5124493341053851,0.9012219959266803,0.3891666666666667
0.5127462340672074,0.9012219959266803,0.38982142857142854
0.5130434782608696,0.9012219959266803,0.38984920634920633
0.5133410672853829,0.9012219959266803,0.39055555555555543
0.5136390017411492,0.9012219959266803,0.39057142857142857
0.5139372822299652,0.9012219959266803,0.391
0.5142359093550262,0.9012219959266803,0.39141666666666675
0.5145348837209303,0.9012219959266803,0.39149999999999996
0.5148342059336823,0.9012219959266803,0.39150000000000007
0.5151338766006985,0.9012219959266803,0.391904761904762
0.5154338963308096,0.9012219959266803,0.39191666666666664
0.5151515151515151,0.90020366598778,0.39233333333333337
0.5154518950437318,0.90020366598778,0.393404761904762
0.5157526254375729,0.90020366598778,0.3935833333333334
0.5160537069468768,0.90020366598778,0.39366666666666666
0.5163551401869159,0.90020366598778,0.3936666666666667
0.5166569257744009,0.90020366598778,0.3936825396825397
0.5169590643274854,0.90020366598778,0.39390476190476176
0.5166764189584553,0.8991853360488798,0.3942380952380952
0.5169789227166276,0.8991853360488798,0.3943333333333333
0.5172817809021676,0.8991853360488798,0.3963095238095238
0.5175849941383353,0.8991853360488798,0.39654761904761904
0.5173020527859238,0.8981670061099797,0.39669841269841266
0.5176056338028169,0.8981670061099797,0.3968333333333333
0.5173223722842043,0.8971486761710794,0.3979999999999999
0.5170387779083431,0.8961303462321792,0.39811904761904765
0.5173427395649618,0.8961303462321792,0.3984761904761905
0.5176470588235295,0.8961303462321792,0.39849999999999997
0.5179517363154797,0.8961303462321792,0.39913095238095236
0.5182567726737338,0.8961303462321792,0.3997222222222222
0.5185621685327048,0.8961303462321792,0.4003333333333333
0.5179941002949853,0.8940936863543788,0.401
0.5182998819362455,0.8940936863543788,0.4012936507936507
0.5180153573538098,0.8930753564154786,0.40178571428571425
0.5183215130023641,0.8930753564154786,0.4022936507936508
0.5180366646954465,0.8920570264765784,0.4024999999999999
0.5177514792899408,0.8910386965376782,0.40290476190476193
0.5171800947867299,0.8890020366598778,0.40292857142857147
0.5168938944872555,0.8879837067209776,0.4034880952380951
0.5172004744958482,0.8879837067209776,0.4039523809523809
0.5169139465875371,0.8869653767820774,0.4039880952380952
0.5172209026128266,0.8869653767820774,0.4040000000000001
0.5175282234105764,0.8869653767820774,0.4042857142857143
0.5178359096313913,0.8869653767820774,0.40447222222222223
0.5181439619274242,0.8869653767820774,0.4050555555555555
0.518452380952381,0.8869653767820774,0.40574999999999994
0.5187611673615247,0.8869653767820774,0.40608333333333335
0.5190703218116806,0.8869653767820774,0.4061428571428572
0.5193798449612403,0.8869653767820774,0.4063333333333333
0.5190930787589498,0.8859470468431772,0.40640476190476194
0.5194029850746269,0.8859470468431772,0.4064761904761904
0.519115890083632,0.884928716904277,0.40657936507936504
0.5194261805140467,0.884928716904277,0.4068333333333334
0.5197368421052632,0.884928716904277,0.4070714285714284
0.5200478755236385,0.884928716904277,0.40708333333333335
0.5203592814371257,0.884928716904277,0.4071666666666667
0.5206710605152786,0.884928716904277,0.4078333333333333
0.5203836930455635,0.8839103869653768,0.40803174603174597
0.5200959808038392,0.8828920570264766,0.40811904761904755
0.5204081632653061,0.8828920570264766,0.4081666666666667
0.5201201201201201,0.8818737270875764,0.40823809523809523
0.5204326923076923,0.8818737270875764,0.40825757575757576
0.5201443174984967,0.8808553971486762,0.4084761904761905
0.51985559566787,0.879837067209776,0.4096547619047619
0.5201685731487056,0.879837067209776,0.4098333333333333
0.5204819277108433,0.879837067209776,0.4099484126984126
0.5207956600361664,0.879837067209776,0.4102380952380952
0.5211097708082026,0.879837067209776,0.4106666666666666
0.5208207604103802,0.8788187372708758,0.41140476190476183
0.5205314009661836,0.8778004073319755,0.4114285714285715
0.5208459214501511,0.8778004073319755,0.41183333333333344
0.5211608222490931,0.8778004073319755,0.41189285714285717
0.5214761040532365,0.8778004073319755,0.4121666666666667
0.5217917675544794,0.8778004073319755,0.41333333333333333
0.5215021199273168,0.8767820773930753,0.41354761904761905
0.5218181818181818,0.8767820773930753,0.4136904761904763
0.522134627046695,0.8767820773930753,0.41382900432900427
0.5224514563106796,0.8767820773930753,0.41407142857142853
0.5227686703096539,0.8767820773930753,0.4144047619047619
0.523086269744836,0.8767820773930753,0.4148928571428571
0.5234042553191489,0.8767820773930753,0.41497619047619044
0.5237226277372263,0.8767820773930753,0.4151666666666667
0.524041387705417,0.8767820773930753,0.4155
0.5243605359317906,0.8767820773930753,0.4158333333333333
0.5246800731261426,0.8767820773930753,0.4163650793650793
0.524390243902439,0.8757637474541752,0.4164722222222222
0.5241000610128127,0.8747454175152749,0.4169047619047619
0.5244200244200244,0.8747454175152749,0.4171666666666667
0.5247403787416005,0.8747454175152749,0.4172380952380952
0.5244498777506112,0.8737270875763747,0.41744841269841276
0.5247706422018349,0.8737270875763747,0.4181428571428571
0.5250917992656059,0.8737270875763747,0.4183333333333333
0.5254133496631965,0.8737270875763747,0.41838095238095235
0.5257352941176471,0.8737270875763747,0.4187380952380952
0.5254445125689761,0.8727087576374746,0.4188492063492063
0.5257668711656441,0.8727087576374746,0.41899999999999993
0.5260896255371393,0.8727087576374746,0.4190714285714286
0.5257985257985258,0.8716904276985743,0.4196269841269842
0.5261216963736939,0.8716904276985743,0.41978571428571426
0.5264452644526445,0.8716904276985743,0.41983333333333334
0.5261538461538462,0.8706720977596741,0.4199523809523809
0.5264778325123153,0.8706720977596741,0.4200000000000001
0.5268022181146026,0.8706720977596741,0.42032142857142857
0.5265104808877928,0.869653767820774,0.420404761904762
0.526218383713757,0.8686354378818737,0.4205555555555555
0.5265432098765432,0.8686354378818737,0.4208214285714286
0.5262507720815318,0.8676171079429735,0.42083333333333334
0.5259579728059333,0.8665987780040734,0.4213333333333333
0.525664811379097,0.8655804480651731,0.4215714285714286
0.525990099009901,0.8655804480651731,0.4216428571428571
0.5263157894736842,0.8655804480651731,0.4218809523809523
0.5266418835192069,0.8655804480651731,0.42190476190476184
0.5269683818970862,0.8655804480651731,0.4223333333333333
0.5272952853598015,0.8655804480651731,0.4224047619047619
0.527001862197393,0.8645621181262729,0.42328571428571427
0.5273291925465838,0.8645621181262729,0.4238928571428571
0.5270354257302673,0.8635437881873728,0.4240714285714285
0.5267412935323383,0.8625254582484725,0.4241666666666667
0.5270690728064716,0.8625254582484725,0.4245833333333333
0.5273972602739726,0.8625254582484725,0.42483333333333334
0.5277258566978194,0.8625254582484725,0.4250317460317461
0.5280548628428927,0.8625254582484725,0.425047619047619
0.5283842794759825,0.8625254582484725,0.42553174603174604
0.5280898876404494,0.8615071283095723,0.4258095238095238
0.528125,0.860488798370672,0.4260238095238095
0.5284552845528455,0.860488798370672,0.42621428571428566
0.5287859824780976,0.860488798370672,0.42633333333333334
0.5291170945522855,0.860488798370672,0.42646428571428563
0.5294486215538847,0.860488798370672,0.42647619047619045
0.5297805642633229,0.860488798370672,0.4265
0.5301129234629862,0.860488798370672,0.42675
0.5304456999372253,0.860488798370672,0.4268333333333333
0.5301507537688442,0.8594704684317719,0.42697222222222225
0.5304839723444374,0.8594704684317719,0.4270714285714286
0.5308176100628931,0.8594704684317719,0.4271504329004328
0.5311516677155443,0.8594704684317719,0.42780952380952386
0.5308564231738035,0.8584521384928717,0.42816666666666664
0.5305608065532451,0.8574338085539714,0.42833333333333334
0.5312302839116719,0.8574338085539714,0.429
0.5315656565656566,0.8574338085539714,0.4292380952380953
0.5319014529374605,0.8574338085539714,0.42940476190476196
0.5322376738305942,0.8574338085539714,0.4301666666666666
0.5325743200506009,0.8574338085539714,0.43183333333333335
0.5329113924050632,0.8574338085539714,0.4323333333333334
0.5332488917036099,0.8574338085539714,0.4324761904761905
0.5335868187579215,0.8574338085539714,0.4325
0.5339251743817375,0.8574338085539714,0.4333333333333333
0.5342639593908629,0.8574338085539714,0.43347619047619046
0.533968253968254,0.8564154786150713,0.4340833333333333
0.5336721728081322,0.8553971486761711,0.43412698412698403
0.5340114431023522,0.8553971486761711,0.4341666666666666
0.5337150127226463,0.8543788187372708,0.4344166666666667
0.5340547422024189,0.8543788187372708,0.4349603174603175
0.5343949044585987,0.8543788187372708,0.43507142857142855
0.5340981516889739,0.8533604887983707,0.43524999999999997
0.5344387755102041,0.8533604887983707,0.43533333333333324
0.5347798340778558,0.8533604887983707,0.4355714285714285
0.5344827586206896,0.8523421588594705,0.4356547619047618
0.5348242811501598,0.8523421588594705,0.4358333333333333
0.5345268542199488,0.8513238289205702,0.43583333333333335
0.5348688419705694,0.8513238289205702,0.436031746031746
0.5352112676056338,0.8513238289205702,0.4360833333333333
0.535554131966688,0.8513238289205702,0.43651984126984134
0.5358974358974359,0.8513238289205702,0.43674999999999997
0.5355997434252726,0.8503054989816701,0.4371031746031745
0.5359435173299102,0.8503054989816701,0.4371666666666667
0.5362877328195247,0.8503054989816701,0.43716666666666676
0.5366323907455013,0.8503054989816701,0.43778571428571433
0.5369774919614148,0.8503054989816701,0.4383055555555556
0.5366795366795367,0.8492871690427699,0.43833333333333335
0.536381197681906,0.8482688391038696,0.4383333333333334
0.5360824742268041,0.8472505091649695,0.43838095238095226
0.536428110896196,0.8472505091649695,0.4385555555555555
0.5367741935483871,0.8472505091649695,0.43880952380952387
0.5371207230471272,0.8472505091649695,0.43888888888888894
0.5368217054263565,0.8462321792260692,0.43907142857142867
0.5371687136393019,0.8462321792260692,0.43929761904761905
0.53751617076326,0.8462321792260692,0.44
0.5372168284789643,0.845213849287169,0.44004761904761913
0.5369170984455959,0.8441955193482689,0.4403492063492064
0.5372650680492547,0.8441955193482689,0.44141666666666673
0.5376134889753567,0.8441955193482689,0.4414880952380952
0.5379623621025308,0.8441955193482689,0.44155555555555553
0.5383116883116883,0.8441955193482689,0.44166666666666665
0.5383615084525357,0.8431771894093686,0.44183333333333336
0.538711776187378,0.8431771894093686,0.44233333333333336
0.5391134289439374,0.8421588594704684,0.44240476190476186
0.5388127853881278,0.8411405295315683,0.44266666666666665
0.5391644908616188,0.8411405295315683,0.4426666666666667
0.5395166557805356,0.8411405295315683,0.4427936507936508
0.5398692810457516,0.8411405295315683,0.4429761904761904
0.540222367560497,0.8411405295315683,0.4438333333333333
0.5405759162303665,0.8411405295315683,0.443984126984127
0.5409299279633268,0.8411405295315683,0.44419841269841276
0.5412844036697247,0.8411405295315683,0.44425000000000003
0.5409836065573771,0.840122199592668,0.44442857142857145
0.5413385826771654,0.840122199592668,0.4446111111111112
0.5416940249507551,0.840122199592668,0.4446428571428572
0.5420499342969777,0.840122199592668,0.4447380952380954
0.5424063116370809,0.840122199592668,0.4447619047619048
0.5427631578947368,0.840122199592668,0.4448809523809523
0.54312047399605,0.840122199592668,0.44490476190476186
0.5428194993412385,0.8391038696537678,0.4451428571428572
0.5425181278839816,0.8380855397148677,0.44533333333333336
0.5428759894459103,0.8380855397148677,0.4456428571428572
0.5425742574257426,0.8370672097759674,0.44599999999999995
0.5429326287978864,0.8370672097759674,0.4462575757575757
0.5426305353602116,0.8360488798370672,0.44666666666666666
0.542989417989418,0.8360488798370672,0.4468214285714286
0.542686962276638,0.835030549898167,0.44683333333333336
0.543046357615894,0.835030549898167,0.4469047619047618
0.5434062292909212,0.835030549898167,0.4470714285714285
0.5437665782493368,0.835030549898167,0.4471666666666667
0.5434638354346384,0.8340122199592668,0.44766666666666666
0.5438247011952191,0.8340122199592668,0.44772222222222224
0.5441860465116279,0.8340122199592668,0.4481666666666666
0.5445478723404256,0.8340122199592668,0.4483095238095239
0.5449101796407185,0.8340122199592668,0.4483333333333333
0.5446071904127829,0.8329938900203666,0.4485555555555555
0.5443037974683544,0.8319755600814664,0.44867460317460306
0.544,0.8309572301425662,0.44878571428571434
0.5443629086057371,0.8309572301425662,0.44890476190476186
0.5447263017356475,0.8309572301425662,0.44907142857142845
0.5444221776887107,0.829938900203666,0.4491385281385281
0.5447860962566845,0.829938900203666,0.44966666666666655
0.5444816053511705,0.8289205702647657,0.44971428571428573
0.5441767068273092,0.8279022403258656,0.4498571428571429
0.5445411922304085,0.8279022403258656,0.4499047619047619
0.5449061662198391,0.8279022403258656,0.4505000000000001
0.5446009389671361,0.8268839103869654,0.4505833333333333
0.5442953020134228,0.8258655804480651,0.4506666666666667
0.544660846205507,0.8258655804480651,0.4507380952380952
0.5443548387096774,0.824847250509165,0.451
0.5447209145931405,0.824847250509165,0.4514047619047619
0.5450874831763123,0.824847250509165,0.45166666666666666
0.5454545454545454,0.824847250509165,0.45175
0.5451482479784366,0.8238289205702648,0.45183333333333336
0.545515846257586,0.8238289205702648,0.4518888888888889
0.5458839406207827,0.8238289205702648,0.45230952380952383
0.5462525320729237,0.8238289205702648,0.4524047619047619
0.5459459459459459,0.8228105906313645,0.4524761904761904
0.54631507775524,0.8228105906313645,0.45304761904761903
0.5466847090663058,0.8228105906313645,0.453090909090909
0.5470548408937035,0.8228105906313645,0.45323809523809516
0.5467479674796748,0.8217922606924644,0.4536428571428571
0.5471186440677966,0.8217922606924644,0.45388095238095233
0.5474898236092266,0.8217922606924644,0.45438095238095244
0.5478615071283096,0.8217922606924644,0.45457142857142857
0.5475543478260869,0.8207739307535642,0.45464285714285707
0.5479265805574439,0.8207739307535642,0.45476190476190476
0.5482993197278911,0.8207739307535642,0.4548095238095237
0.5486725663716814,0.8207739307535642,0.45527380952380947
0.5490463215258855,0.8207739307535642,0.45549999999999996
0.5494205862304021,0.8207739307535642,0.4556071428571429
0.5497953615279673,0.8207739307535642,0.45583333333333337
0.5501706484641639,0.8207739307535642,0.45609523809523805
0.5505464480874317,0.8207739307535642,0.4562380952380951
0.5502392344497608,0.8197556008146639,0.45624999999999993
0.5506155950752394,0.8197556008146639,0.4564761904761905
0.5509924709103354,0.8197556008146639,0.45649999999999996
0.5513698630136986,0.8197556008146639,0.4569285714285715
0.5510623714873201,0.8187372708757638,0.457
0.551440329218107,0.8187372708757638,0.457515873015873
0.5511324639670556,0.8177189409368636,0.4575714285714286
0.551510989010989,0.8177189409368636,0.45773809523809517
0.5512027491408935,0.8167006109979633,0.45799999999999996
0.5515818431911967,0.8167006109979633,0.4581666666666666
0.5512732278045424,0.8156822810590632,0.45849999999999996
0.5516528925619835,0.8156822810590632,0.4586666666666666
0.5520330806340454,0.8156822810590632,0.4588809523809524
0.5524137931034483,0.8156822810590632,0.45890476190476176
0.5527950310559007,0.8156822810590632,0.45904761904761915
0.5531767955801105,0.8156822810590632,0.45949999999999996
0.55286800276434,0.814663951120163,0.4600000000000001
0.5532503457814661,0.814663951120163,0.46016666666666667
0.5536332179930796,0.814663951120163,0.4602222222222222
0.554016620498615,0.814663951120163,0.46033333333333326
0.5544005544005544,0.814663951120163,0.460404761904762
0.5547850208044383,0.814663951120163,0.460642857142857
0.5551700208188758,0.814663951120163,0.46072619047619034
0.5555555555555556,0.814663951120163,0.4609047619047619
0.5552466990965949,0.8136456211812627,0.4610476190476191
0.5549374130737135,0.8126272912423625,0.4610555555555555
0.5553235908141962,0.8126272912423625,0.4613809523809524
0.5557103064066853,0.8126272912423625,0.4614761904761904
0.5554006968641115,0.8116089613034623,0.46149999999999985
0.5557880055788006,0.8116089613034623,0.46233333333333326
0.5561758548499651,0.8116089613034623,0.4626111111111111
0.5565642458100558,0.8116089613034623,0.46316666666666656
0.556953179594689,0.8116089613034623,0.46349999999999986
0.5566433566433566,0.8105906313645621,0.46366666666666667
0.5570328901329601,0.8105906313645621,0.46421428571428563
0.5567226890756303,0.8095723014256619,0.4654166666666666
0.5564120532585844,0.8085539714867617,0.4655714285714286
0.5561009817671809,0.8075356415478615,0.4661666666666666
0.5557894736842105,0.8065173116089613,0.46663888888888877
0.5561797752808989,0.8065173116089613,0.4666666666666665
0.5558678847505271,0.8054989816700611,0.4668095238095238
0.5555555555555556,0.8044806517311609,0.4671666666666667
0.5552427867698804,0.8034623217922607,0.46735714285714286
0.5549295774647888,0.8024439918533605,0.46758333333333335
0.55461592670895,0.8014256619144603,0.4676547619047619
0.5550070521861777,0.8014256619144603,0.4678095238095238
0.5553987297106563,0.8014256619144603,0.4678650793650793
0.5557909604519774,0.8014256619144603,0.4682380952380953
0.5554770318021202,0.8004073319755601,0.4683333333333332
0.5558698727015559,0.8004073319755601,0.4683333333333334
0.5562632696390658,0.8004073319755601,0.4685
0.5559490084985835,0.7993890020366599,0.4688174603174602
0.556343019135365,0.7993890020366599,0.46923809523809523
0.5560283687943263,0.7983706720977597,0.4699047619047619
0.5564229950319376,0.7983706720977597,0.4703928571428571
0.5568181818181818,0.7983706720977597,0.4705714285714285
0.5572139303482587,0.7983706720977597,0.4707142857142857
0.5576102418207681,0.7983706720977597,0.47073809523809523
0.5580071174377225,0.7983706720977597,0.4720992063492064
0.5584045584045584,0.7983706720977597,0.47233333333333327
0.5580898075552387,0.7973523421588594,0.47257142857142853
0.557774607703281,0.7963340122199593,0.4735357142857143
0.5581727337615988,0.7963340122199593,0.4738809523809524
0.5585714285714286,0.7963340122199593,0.4741666666666666
0.5589706933523946,0.7963340122199593,0.4741904761904763
0.5586552217453505,0.7953156822810591,0.47441666666666665
0.5590551181102362,0.7953156822810591,0.47491666666666665
0.5587392550143266,0.7942973523421588,0.4755833333333333
0.5584229390681004,0.7932790224032586,0.4756547619047618
0.5588235294117647,0.7932790224032586,0.4761666666666667
0.5592246949030869,0.7932790224032586,0.4763333333333333
0.5596264367816092,0.7932790224032586,0.4767380952380952
0.5593098490294752,0.7922606924643585,0.4768333333333333
0.5589928057553957,0.7912423625254582,0.477
0.5593952483801296,0.7912423625254582,0.4771666666666665
0.5597982708933718,0.7912423625254582,0.4774880952380952
0.5602018745493872,0.7912423625254582,0.47778571428571437
0.5598845598845599,0.790224032586558,0.47783333333333344
0.5595667870036101,0.7892057026476579,0.47816666666666663
0.559971098265896,0.7892057026476579,0.4782142857142857
0.5603759942154736,0.7892057026476579,0.47837698412698415
0.5607814761215629,0.7892057026476579,0.47873076923076924
0.560463432295438,0.7881873727087576,0.4787857142857143
0.5608695652173913,0.7881873727087576,0.47883333333333333
0.5605511240029006,0.7871690427698574,0.47923809523809524
0.5609579100145138,0.7871690427698574,0.48
0.5613652868554829,0.7871690427698574,0.4802380952380952
0.5617732558139535,0.7871690427698574,0.4809365079365079
0.5621818181818182,0.7871690427698574,0.48124206349206344
0.5625909752547307,0.7871690427698574,0.4816428571428572
0.5630007283321194,0.7871690427698574,0.4819603174603174
0.5634110787172012,0.7871690427698574,0.48266666666666663
0.5638220277169949,0.7871690427698574,0.48283333333333334
0.5635036496350365,0.7861507128309573,0.4833333333333332
0.5639152666179693,0.7861507128309573,0.4834444444444445
0.564327485380117,0.7861507128309573,0.48350000000000004
0.5647403072421361,0.7861507128309573,0.48383333333333334
0.5648351648351648,0.785132382892057,0.4838333333333334
0.5652492668621701,0.785132382892057,0.4839761904761905
0.5649303008070433,0.7841140529531568,0.48411904761904767
0.5653450807635829,0.7841140529531568,0.4841666666666666
0.565025716385011,0.7830957230142567,0.48416666666666663
0.5647058823529412,0.7820773930753564,0.48455555555555563
0.5643855776306107,0.7810590631364562,0.48511904761904767
0.5640648011782032,0.780040733197556,0.4856309523809524
0.5644804716285925,0.780040733197556,0.4858888888888888
0.5648967551622419,0.780040733197556,0.48607142857142854
0.5645756457564576,0.7790224032586558,0.4863333333333333
0.5649926144756278,0.7790224032586558,0.48649999999999993
0.5646711012564671,0.7780040733197556,0.48671428571428565
0.5650887573964497,0.7780040733197556,0.4868333333333334
0.5655070318282753,0.7780040733197556,0.4870952380952381
0.5659259259259259,0.7780040733197556,0.4874047619047619
0.5663454410674573,0.7780040733197556,0.48790476190476184
0.5667655786350149,0.7780040733197556,0.488
0.5664439495174461,0.7769857433808554,0.4881190476190476
0.5661218424962853,0.7759674134419552,0.4885
0.5657992565055762,0.774949083503055,0.48857142857142855
0.5654761904761905,0.7739307535641547,0.48890476190476195
0.5651526433358154,0.7729124236252546,0.489
0.5648286140089419,0.7718940936863544,0.4893333333333334
0.5645041014168531,0.7708757637474541,0.48990476190476195
0.5649253731343283,0.7708757637474541,0.49051515151515146
0.5646004480955937,0.769857433808554,0.4906428571428572
0.5650224215246636,0.769857433808554,0.49066666666666664
0.5646970830216903,0.7688391038696538,0.49134523809523806
0.5651197604790419,0.7688391038696538,0.4919047619047619
0.5655430711610487,0.7688391038696538,0.49200000000000005
0.5652173913043478,0.7678207739307535,0.49219047619047607
0.5656414103525882,0.7678207739307535,0.4924166666666667
0.566066066066066,0.7678207739307535,0.4926666666666666
0.5657400450788881,0.7668024439918534,0.49266666666666675
0.5654135338345865,0.7657841140529531,0.4928095238095238
0.5658389766741911,0.7657841140529531,0.49375
0.5662650602409639,0.7657841140529531,0.49397619047619046
0.5666917859834213,0.7657841140529531,0.4940833333333334
0.5671191553544495,0.7657841140529531,0.4943333333333333
0.5675471698113208,0.7657841140529531,0.49438095238095237
0.5672205438066465,0.7647657841140529,0.4944126984126984
0.5676492819349962,0.7647657841140529,0.49447619047619035
0.5680786686838124,0.7647657841140529,0.49449999999999994
0.5685087055261165,0.7647657841140529,0.4945833333333332
0.568939393939394,0.7647657841140529,0.49507142857142844
0.5686125852918877,0.7637474541751528,0.49507142857142855
0.5690440060698028,0.7637474541751528,0.4951666666666666
0.5694760820045558,0.7637474541751528,0.4953333333333333
0.5699088145896657,0.7637474541751528,0.49536507936507945
0.5703422053231939,0.7637474541751528,0.49578571428571416
0.5707762557077626,0.7637474541751528,0.4958214285714286
0.5712109672505712,0.7637474541751528,0.49599999999999994
0.5708841463414634,0.7627291242362525,0.49649999999999994
0.5713196033562167,0.7627291242362525,0.49655555555555564
0.5717557251908397,0.7627291242362525,0.49690476190476185
0.5714285714285714,0.7617107942973523,0.4971666666666667
0.5711009174311926,0.7606924643584522,0.4978333333333333
0.5715378729915838,0.7606924643584522,0.4978888888888888
0.5719754977029097,0.7606924643584522,0.49819047619047624
0.5724137931034483,0.7606924643584522,0.4982500000000001
0.5728527607361963,0.7606924643584522,0.4984047619047619
0.5732924021488872,0.7606924643584522,0.4990595238095238
0.5737327188940092,0.7606924643584522,0.49957142857142856
0.574173712528824,0.7606924643584522,0.5001428571428571
0.5746153846153846,0.7606924643584522,0.5003015873015874
0.5742879137798307,0.7596741344195519,0.500547619047619
0.5747303543913713,0.7596741344195519,0.5006190476190475
0.574402467232074,0.7586558044806517,0.5007777777777777
0.5748456790123457,0.7586558044806517,0.5009047619047619
0.5745173745173745,0.7576374745417516,0.5009999999999999
0.5749613601236476,0.7576374745417516,0.5013333333333333
0.5750773993808049,0.7566191446028513,0.5014761904761905
0.5755228505034856,0.7566191446028513,0.5015
0.575968992248062,0.7566191446028513,0.5019166666666667
0.5764158262218774,0.7566191446028513,0.5019761904761905
0.5768633540372671,0.7566191446028513,0.5024444444444444
0.5773115773115773,0.7566191446028513,0.5025
0.5777604976671851,0.7566191446028513,0.5026666666666667
0.5782101167315176,0.7566191446028513,0.5026821789321789
0.5786604361370716,0.7566191446028513,0.5033095238095237
0.578332034294622,0.7556008146639511,0.5035833333333332
0.578003120124805,0.754582484725051,0.5039761904761905
0.5784543325526932,0.754582484725051,0.504547619047619
0.57890625,0.754582484725051,0.505
0.5785770132916341,0.7535641547861507,0.5050595238095238
0.5782472613458529,0.7525458248472505,0.50525
0.5787000783085356,0.7525458248472505,0.5053888888888889
0.579153605015674,0.7525458248472505,0.5057222222222222
0.5788235294117647,0.7515274949083504,0.5058333333333332
0.5792778649921507,0.7515274949083504,0.5058333333333334
0.579732914375491,0.7515274949083504,0.5058809523809523
0.5801886792452831,0.7515274949083504,0.506
0.5811023622047244,0.7515274949083504,0.5061547619047619
0.5815602836879432,0.7515274949083504,0.5065000000000001
0.582018927444795,0.7515274949083504,0.5071666666666667
0.5816890292028414,0.7505091649694501,0.507297619047619
0.5821484992101106,0.7505091649694501,0.5074761904761905
0.5818181818181818,0.7494908350305499,0.5075
0.5822784810126582,0.7494908350305499,0.5075238095238095
0.5819477434679335,0.7484725050916496,0.5075833333333333
0.5824088748019017,0.7484725050916496,0.5079761904761905
0.5820777160983347,0.7474541751527495,0.5084047619047619
0.5817460317460318,0.7464358452138493,0.5086984126984128
0.5814138204924544,0.745417515274949,0.5089999999999999
0.5818759936406995,0.745417515274949,0.5093333333333334
0.5823389021479713,0.745417515274949,0.5097222222222222
0.5820063694267515,0.7443991853360489,0.5103333333333333
0.5824701195219123,0.7443991853360489,0.5103928571428571
0.5829346092503987,0.7443991853360489,0.511095238095238
0.5826017557861133,0.7433808553971487,0.5111428571428571
0.5830670926517572,0.7433808553971487,0.5112337662337663
0.583533173461231,0.7433808553971487,0.5112857142857145
0.5832,0.7423625254582484,0.5113690476190476
0.5836669335468375,0.7423625254582484,0.5114047619047618
0.5841346153846154,0.7423625254582484,0.5115194805194805
0.5838011226944667,0.7413441955193483,0.5122142857142857
0.5834670947030498,0.7403258655804481,0.5128333333333334
0.5839357429718876,0.7403258655804481,0.5133333333333333
0.5836012861736335,0.7393075356415478,0.5133571428571427
0.584070796460177,0.7393075356415478,0.513452380952381
0.5837359098228664,0.7382892057026477,0.51375
0.5842062852538276,0.7382892057026477,0.5140476190476191
0.5838709677419355,0.7372708757637475,0.5143928571428572
0.5835351089588378,0.7362525458248472,0.5149047619047619
0.5831987075928917,0.7352342158859471,0.5159365079365079
0.5828617623282134,0.7342158859470469,0.5159523809523809
0.5833333333333334,0.7342158859470469,0.5159999999999999
0.5838056680161944,0.7342158859470469,0.5162142857142856
0.5842787682333873,0.7342158859470469,0.5167380952380952
0.5847526358475263,0.7342158859470469,0.5168333333333331
0.5844155844155844,0.7331975560081466,0.5168333333333334
0.5840779853777417,0.7321792260692465,0.5170833333333333
0.5845528455284553,0.7321792260692465,0.5171031746031747
0.5842148087876322,0.7311608961303462,0.5171904761904762
0.5846905537459284,0.7311608961303462,0.5172261904761905
0.5851670741646292,0.7311608961303462,0.5180357142857143
0.5856443719412724,0.7311608961303462,0.5183214285714286
0.5853061224489796,0.730142566191446,0.5184761904761904
0.5849673202614379,0.7291242362525459,0.5185
0.5859247135842881,0.7291242362525459,0.5186269841269842
0.5855855855855856,0.7281059063136456,0.5187579365079366
0.5860655737704918,0.7281059063136456,0.5190714285714286
0.5857260049220673,0.7270875763747454,0.5191428571428571
0.5853858784893268,0.7260692464358453,0.5193333333333332
0.5858668857847165,0.7260692464358453,0.5199999999999999
0.5863486842105263,0.7260692464358453,0.5202619047619048
0.5868312757201646,0.7260692464358453,0.5206825396825396
0.5873146622734761,0.7260692464358453,0.5209047619047618
0.5869744435284419,0.725050916496945,0.5209880952380952
0.5866336633663366,0.7240325865580448,0.5211666666666666
0.5867768595041323,0.7230142566191446,0.5212142857142856
0.587262200165426,0.7230142566191446,0.5213214285714285
0.5877483443708609,0.7230142566191446,0.5214047619047618
0.5874067937033969,0.7219959266802444,0.5216031746031746
0.587893864013267,0.7219959266802444,0.5220714285714286
0.5883817427385892,0.7219959266802444,0.5222380952380952
0.5880398671096345,0.7209775967413442,0.5224166666666668
0.5885286783042394,0.7209775967413442,0.522892857142857
0.5881863560732113,0.719959266802444,0.5231428571428571
0.5878434637801832,0.7189409368635438,0.5235555555555556
0.5875,0.7179226069246436,0.5236190476190475
0.5879899916597164,0.7179226069246436,0.523888888888889
0.5884808013355592,0.7179226069246436,0.5239285714285714
0.5881370091896407,0.7169042769857433,0.5241666666666667
0.5886287625418061,0.7169042769857433,0.5246190476190477
0.5891213389121339,0.7169042769857433,0.5246666666666666
0.5887772194304858,0.7158859470468432,0.5247499999999999
0.5892707460184409,0.7158859470468432,0.5251428571428571
0.5889261744966443,0.714867617107943,0.5253333333333332
0.5894206549118388,0.714867617107943,0.5257499999999999
0.5899159663865546,0.714867617107943,0.5260555555555555
0.5904121110176619,0.714867617107943,0.5261666666666667
0.590564448188711,0.7138492871690427,0.5268333333333333
0.5910623946037099,0.7138492871690427,0.527154761904762
0.5915611814345991,0.7138492871690427,0.52725
0.5912162162162162,0.7128309572301426,0.5273253968253968
0.591715976331361,0.7128309572301426,0.5273333333333333
0.5913705583756346,0.7118126272912424,0.5277380952380952
0.5910245554614734,0.7107942973523421,0.5279761904761905
0.5915254237288136,0.7107942973523421,0.5281428571428571
0.5911789652247668,0.709775967413442,0.5281666666666667
0.5916808149405772,0.709775967413442,0.5283333333333333
0.5921835174171622,0.709775967413442,0.528547619047619
0.5918367346938775,0.7087576374745418,0.5289761904761905
0.5914893617021276,0.7077393075356415,0.5291666666666667
0.5911413969335605,0.7067209775967414,0.5294047619047619
0.5916453537936914,0.7067209775967414,0.5298333333333333
0.591296928327645,0.7057026476578412,0.529952380952381
0.5909479077711358,0.7046843177189409,0.5300714285714284
0.5905982905982906,0.7036659877800407,0.5300833333333332
0.5911035072711719,0.7036659877800407,0.5304246031746032
0.5907534246575342,0.7026476578411406,0.5308809523809522
0.5912596401028277,0.7026476578411406,0.5309722222222222
0.5917667238421955,0.7026476578411406,0.5310909090909091
0.5914163090128756,0.7016293279022403,0.5311428571428572
0.5910652920962199,0.7006109979633401,0.5311666666666666
0.5915735167669819,0.7006109979633401,0.5312142857142857
0.5920826161790017,0.7006109979633401,0.5313095238095238
0.5925925925925926,0.7006109979633401,0.5313333333333332
0.5922413793103448,0.6995926680244399,0.5317380952380951
0.5927523727351165,0.6995926680244399,0.5318095238095237
0.5932642487046632,0.6995926680244399,0.5321904761904762
0.5937770095073466,0.6995926680244399,0.5325
0.5942906574394463,0.6995926680244399,0.5327222222222222
0.5948051948051948,0.6995926680244399,0.53275
0.5953206239168111,0.6995926680244399,0.5329999999999999
0.5958369470945359,0.6995926680244399,0.5331666666666667
0.5963541666666666,0.6995926680244399,0.5337777777777778
0.5968722849695917,0.6995926680244399,0.5338928571428571
0.5965217391304348,0.6985743380855397,0.5341428571428571
0.5961705831157529,0.6975560081466395,0.5346666666666667
0.5966898954703833,0.6975560081466395,0.5348333333333334
0.5963382737576286,0.6965376782077393,0.5350833333333334
0.5968586387434555,0.6965376782077393,0.5355238095238095
0.5973799126637555,0.6965376782077393,0.5361111111111111
0.5979020979020979,0.6965376782077393,0.5365238095238096
0.5975503062117236,0.6955193482688391,0.5366666666666666
0.5971978984238179,0.6945010183299389,0.5370714285714286
0.5968448729184925,0.6934826883910387,0.5378333333333334
0.5973684210526315,0.6934826883910387,0.5381666666666666
0.5970149253731343,0.6924643584521385,0.5381666666666667
0.5975395430579965,0.6924643584521385,0.5382142857142858
0.5980650835532102,0.6924643584521385,0.5384047619047619
0.5985915492957746,0.6924643584521385,0.5388571428571428
0.5982378854625551,0.6914460285132383,0.5397380952380952
0.5987654320987654,0.6914460285132383,0.5399761904761905
0.5992939099735216,0.6914460285132383,0.5401904761904761
0.5998233215547704,0.6914460285132383,0.5404166666666667
0.6003536693191865,0.6914460285132383,0.5406825396825397
0.6,0.6904276985743381,0.5407380952380952
0.5996457041629761,0.6894093686354379,0.5413333333333333
0.600177304964539,0.6894093686354379,0.5413333333333334
0.6007098491570542,0.6894093686354379,0.5415833333333334
0.6012433392539964,0.6894093686354379,0.5417222222222221
0.6017777777777777,0.6894093686354379,0.5418571428571428
0.6028495102404274,0.6894093686354379,0.5428766233766233
0.6024955436720143,0.6883910386965377,0.5432023809523809
0.6030330062444246,0.6883910386965377,0.5434761904761904
0.6035714285714285,0.6883910386965377,0.5435595238095238
0.6032171581769437,0.6873727087576375,0.5435714285714286
0.6037567084078712,0.6873727087576375,0.5437380952380952
0.603401969561325,0.6863543788187373,0.5438214285714286
0.6039426523297491,0.6863543788187373,0.5438809523809524
0.6044843049327354,0.6863543788187373,0.5439047619047619
0.6050269299820467,0.6863543788187373,0.544
0.6046720575022462,0.685336048879837,0.5445
0.60431654676259,0.6843177189409368,0.5446428571428572
0.6048604860486049,0.6843177189409368,0.5448333333333334
0.6045045045045045,0.6832993890020367,0.5449999999999999
0.6050495942290351,0.6832993890020367,0.5452142857142858
0.605595667870036,0.6832993890020367,0.5452261904761905
0.6052393857271906,0.6822810590631364,0.5455634920634921
0.604882459312839,0.6812627291242362,0.5456666666666665
0.6054298642533936,0.6812627291242362,0.5461190476190476
0.605072463768116,0.6802443991853361,0.5463214285714284
0.6056210335448776,0.6802443991853361,0.5464999999999999
0.6052631578947368,0.6792260692464358,0.5466428571428571
0.6058128973660308,0.6792260692464358,0.5466904761904761
0.6054545454545455,0.6782077393075356,0.5467222222222222
0.6060054595086443,0.6782077393075356,0.5468095238095237
0.6065573770491803,0.6782077393075356,0.5468095238095239
0.6061987237921604,0.6771894093686355,0.5468333333333333
0.6058394160583942,0.6761710794297352,0.5473412698412697
0.6063926940639269,0.6761710794297352,0.5474999999999999
0.6060329067641682,0.675152749490835,0.5477142857142856
0.6065873741994511,0.675152749490835,0.5477777777777778
0.6071428571428571,0.675152749490835,0.5483333333333333
0.6067827681026581,0.6741344195519349,0.5485714285714285
0.6073394495412844,0.6741344195519349,0.5489642857142857
0.6078971533516988,0.6741344195519349,0.5498809523809524
0.6084558823529411,0.6741344195519349,0.5507261904761905
0.609015639374425,0.6741344195519349,0.5507380952380952
0.6095764272559853,0.6741344195519349,0.5508809523809522
0.6092165898617512,0.6731160896130346,0.551047619047619
0.6097785977859779,0.6731160896130346,0.5510714285714284
0.6103416435826408,0.6731160896130346,0.5511309523809523
0.61090573012939,0.6731160896130346,0.55125
0.61054579093432,0.6720977596741344,0.5518134920634921
0.6101851851851852,0.6710794297352343,0.5519166666666666
0.6098239110287303,0.670061099796334,0.5519999999999999
0.6103896103896104,0.670061099796334,0.5524047619047618
0.6100278551532033,0.6690427698574338,0.552611111111111
0.6105947955390335,0.6690427698574338,0.5528333333333334
0.6111627906976744,0.6690427698574338,0.5531190476190475
0.6108007448789572,0.6680244399185336,0.5534166666666667
0.6113699906803355,0.6680244399185336,0.5535833333333333
0.6119402985074627,0.6680244399185336,0.5540833333333334
0.611577964519141,0.6670061099796334,0.5545198412698413
0.611214953271028,0.6659877800407332,0.5547218614718615
0.6108512628624883,0.664969450101833,0.5549761904761905
0.6104868913857678,0.6639511201629328,0.5555521978021979
0.6110590440487348,0.6639511201629328,0.5555833333333333
0.6106941838649156,0.6629327902240326,0.5556428571428572
0.6103286384976526,0.6619144602851323,0.5556666666666666
0.6109022556390977,0.6619144602851323,0.5558333333333333
0.6114769520225776,0.6619144602851323,0.5559444444444445
0.6120527306967984,0.6619144602851323,0.5559761904761905
0.6126295947219604,0.6619144602851323,0.5574761904761905
0.6132075471698113,0.6619144602851323,0.5574999999999999
0.6137865911237016,0.6619144602851323,0.5575476190476191
0.6134215500945179,0.6608961303462322,0.5576190476190476
0.6140018921475875,0.6608961303462322,0.5576666666666665
0.6145833333333334,0.6608961303462322,0.5579047619047619
0.614218009478673,0.659877800407332,0.5582380952380952
0.6148007590132827,0.659877800407332,0.5582738095238095
0.6144349477682811,0.6588594704684317,0.5583214285714284
0.6150190114068441,0.6588594704684317,0.5591904761904761
0.6146527117031398,0.6578411405295316,0.5594166666666666
0.6142857142857143,0.6568228105906314,0.5595
0.6148713060057197,0.6568228105906314,0.559642857142857
0.6154580152671756,0.6568228105906314,0.5597142857142857
0.6150907354345749,0.6558044806517311,0.5597222222222222
0.615678776290631,0.6558044806517311,0.5602857142857143
0.615311004784689,0.654786150712831,0.5606428571428571
0.6149425287356322,0.6537678207739308,0.5607142857142857
0.6145733461169702,0.6527494908350305,0.5609047619047619
0.6151631477927063,0.6527494908350305,0.561202380952381
0.6157540826128722,0.6527494908350305,0.5617380952380951
0.6153846153846154,0.6517311608961304,0.5623333333333334
0.615014436958614,0.6507128309572301,0.5625
0.615606936416185,0.6507128309572301,0.5628928571428571
0.6152362584378014,0.6496945010183299,0.5635357142857143
0.6158301158301158,0.6496945010183299,0.5635714285714285
0.6154589371980677,0.6486761710794298,0.5636666666666666
0.6160541586073501,0.6486761710794298,0.5640833333333334
0.6156824782187803,0.6476578411405295,0.5641666666666666
0.6162790697674418,0.6476578411405295,0.5645436507936507
0.6159068865179438,0.6466395112016293,0.5649761904761905
0.6155339805825243,0.6456211812627292,0.5651428571428571
0.6161321671525753,0.6456211812627292,0.5654166666666667
0.6157587548638133,0.6446028513238289,0.5655714285714285
0.6163583252190847,0.6446028513238289,0.5656666666666667
0.6169590643274854,0.6446028513238289,0.5658333333333334
0.6175609756097561,0.6446028513238289,0.5658809523809524
0.6181640625,0.6446028513238289,0.5660714285714284
0.6177908113391984,0.6435845213849287,0.5661428571428572
0.6174168297455969,0.6425661914460286,0.5665992063492065
0.6170421155729677,0.6415478615071283,0.5667499999999999
0.6176470588235294,0.6415478615071283,0.5672261904761906
0.6172718351324828,0.6405295315682281,0.5673333333333332
0.6178781925343811,0.6405295315682281,0.5678333333333333
0.6184857423795477,0.6405295315682281,0.568
0.6190944881889764,0.6405295315682281,0.5683571428571428
0.6197044334975369,0.6405295315682281,0.5684199134199133
0.6193293885601578,0.639511201629328,0.5685
0.6189536031589339,0.6384928716904277,0.5687380952380953
0.6185770750988142,0.6374745417515275,0.569
0.619188921859545,0.6374745417515275,0.569404761904762
0.6198019801980198,0.6374745417515275,0.5695
0.6204162537165511,0.6374745417515275,0.5696666666666668
0.6200396825396826,0.6364562118126272,0.5697261904761904
0.6206554121151936,0.6364562118126272,0.5706428571428571
0.6202783300198808,0.6354378818737271,0.5708214285714287
0.6208955223880597,0.6354378818737271,0.5711666666666666
0.6205179282868526,0.6344195519348269,0.5714761904761905
0.6211365902293121,0.6344195519348269,0.5718333333333333
0.6213786213786214,0.6334012219959266,0.571857142857143
0.621,0.6323828920570265,0.571892857142857
0.6216216216216216,0.6323828920570265,0.5720714285714287
0.6212424849699398,0.6313645621181263,0.5721666666666666
0.6208625877632898,0.630346232179226,0.5725476190476191
0.6214859437751004,0.630346232179226,0.5731190476190475
0.6221105527638191,0.630346232179226,0.5732619047619046
0.6217303822937625,0.6293279022403259,0.5735
0.6229838709677419,0.6293279022403259,0.5735833333333332
0.6226034308779012,0.6283095723014257,0.5741309523809524
0.6222222222222222,0.6272912423625254,0.5743095238095238
0.621840242669363,0.6262729124236253,0.5744047619047619
0.6214574898785425,0.6252545824847251,0.574452380952381
0.6210739614994935,0.6242362525458248,0.5746904761904763
0.6206896551724138,0.6232179226069247,0.5753928571428572
0.6213197969543147,0.6232179226069247,0.5754166666666667
0.6219512195121951,0.6232179226069247,0.5757936507936507
0.6215666327568667,0.6221995926680245,0.5761190476190476
0.6221995926680245,0.6221995926680245,0.5761984126984127
0.6218144750254841,0.6211812627291242,0.5763571428571429
0.6214285714285714,0.620162932790224,0.5766666666666667
0.6226993865030674,0.620162932790224,0.577
0.623336745138178,0.620162932790224,0.5771547619047618
0.6229508196721312,0.6191446028513238,0.5772222222222222
0.6235897435897436,0.6191446028513238,0.5774444444444444
0.6242299794661191,0.6191446028513238,0.5775833333333333
0.6238437821171634,0.6181262729124236,0.5776666666666664
0.6234567901234568,0.6171079429735234,0.5777738095238094
0.6240988671472708,0.6171079429735234,0.5778095238095239
0.6247422680412371,0.6171079429735234,0.5780833333333333
0.6243550051599587,0.6160896130346232,0.5783095238095239
0.625,0.6160896130346232,0.5783333333333334
0.6256463288521199,0.6160896130346232,0.5787380952380952
0.6252587991718427,0.615071283095723,0.5787500000000001
0.6248704663212435,0.6140529531568228,0.5791666666666667
0.6255186721991701,0.6140529531568228,0.5791666666666668
0.6261682242990654,0.6140529531568228,0.5792023809523809
0.6268191268191268,0.6140529531568228,0.5796309523809523
0.627471383975026,0.6140529531568228,0.5796904761904763
0.6270833333333333,0.6130346232179226,0.5798333333333333
0.6266944734098019,0.6120162932790224,0.58
0.627348643006263,0.6120162932790224,0.5803333333333334
0.6280041797283177,0.6120162932790224,0.5806428571428572
0.6286610878661087,0.6120162932790224,0.5812261904761905
0.6293193717277487,0.6120162932790224,0.5816666666666667
0.629979035639413,0.6120162932790224,0.5819047619047618
0.6295907660020986,0.6109979633401222,0.5823333333333334
0.6292016806722689,0.609979633401222,0.5826666666666667
0.629863301787592,0.609979633401222,0.58275
0.6294736842105263,0.6089613034623218,0.5833333333333333
0.6301369863013698,0.6089613034623218,0.584
0.629746835443038,0.6079429735234216,0.5841904761904761
0.6304118268215417,0.6079429735234216,0.584309523809524
0.63107822410148,0.6079429735234216,0.5848333333333333
0.6306878306878307,0.6069246435845214,0.5848888888888889
0.6302966101694916,0.6059063136456212,0.5849603174603174
0.630965005302227,0.6059063136456212,0.585047619047619
0.6316348195329087,0.6059063136456212,0.5851428571428571
0.6312433581296493,0.604887983706721,0.585452380952381
0.6319148936170212,0.604887983706721,0.5858333333333333
0.6325878594249201,0.604887983706721,0.586126984126984
0.6332622601279317,0.604887983706721,0.5868333333333332
0.6328708644610459,0.6038696537678208,0.5869642857142857
0.6335470085470085,0.6038696537678208,0.5871666666666666
0.6342245989304813,0.6038696537678208,0.5883214285714286
0.6349036402569593,0.6038696537678208,0.5883809523809524
0.6355841371918542,0.6038696537678208,0.5890714285714286
0.6351931330472103,0.6028513238289206,0.5891341991341992
0.635875402792696,0.6028513238289206,0.5893095238095238
0.6365591397849463,0.6028513238289206,0.5893571428571429
0.6361679224973089,0.6018329938900203,0.5897222222222223
0.6368534482758621,0.6018329938900203,0.5898333333333333
0.6364617044228694,0.6008146639511202,0.5899047619047617
0.6360691144708424,0.59979633401222,0.5901428571428571
0.6356756756756756,0.5987780040733197,0.5902619047619048
0.6352813852813853,0.5977596741344195,0.5903412698412698
0.6359696641386782,0.5977596741344195,0.5905833333333333
0.6355748373101953,0.5967413441955194,0.5908015873015873
0.6362649294245385,0.5967413441955194,0.5908492063492062
0.6358695652173914,0.5957230142566191,0.5909523809523809
0.6365614798694232,0.5957230142566191,0.5916666666666667
0.6361655773420479,0.594704684317719,0.5921428571428572
0.6357688113413305,0.5936863543788188,0.5923333333333334
0.6353711790393013,0.5926680244399185,0.5923809523809523
0.6349726775956284,0.5916496945010183,0.5925714285714284
0.6345733041575492,0.5906313645621182,0.5926666666666666
0.6352683461117196,0.5906313645621182,0.5929166666666666
0.6348684210526315,0.5896130346232179,0.5930595238095236
0.6344676180021954,0.5885947046843177,0.5938333333333332
0.634065934065934,0.5875763747454175,0.5939761904761904
0.6336633663366337,0.5865580448065173,0.5939999999999999
0.6343612334801763,0.5865580448065173,0.5944166666666667
0.6339581036383682,0.5855397148676171,0.5948333333333332
0.6335540838852097,0.5845213849287169,0.5948333333333333
0.6331491712707182,0.5835030549898167,0.5954047619047619
0.6338495575221239,0.5835030549898167,0.5954999999999999
0.6334440753045404,0.5824847250509165,0.5957936507936508
0.6330376940133038,0.5814663951120163,0.5962698412698413
0.632630410654828,0.5804480651731161,0.5963333333333334
0.6329254727474972,0.5794297352342159,0.5965595238095238
0.6325167037861915,0.5784114052953157,0.5965714285714285
0.6321070234113713,0.5773930753564155,0.597781746031746
0.6328125,0.5773930753564155,0.5981666666666666
0.6324022346368715,0.5763747454175153,0.5983571428571428
0.6319910514541387,0.575356415478615,0.5984007936507937
0.631578947368421,0.5743380855397149,0.5984166666666667
0.6322869955156951,0.5743380855397149,0.598547619047619
0.632996632996633,0.5743380855397149,0.5992420634920634
0.6325842696629214,0.5733197556008147,0.5996944444444444
0.6332958380202475,0.5733197556008147,0.6003095238095238
0.6328828828828829,0.5723014256619144,0.600452380952381
0.6324689966178129,0.5712830957230143,0.6004999999999999
0.6320541760722348,0.570264765784114,0.6006666666666666
0.632768361581921,0.570264765784114,0.6009047619047617
0.6334841628959276,0.570264765784114,0.6009999999999999
0.6330690826727067,0.5692464358452138,0.6014166666666667
0.6337868480725624,0.5692464358452138,0.6018333333333333
0.6345062429057888,0.5692464358452138,0.6019047619047619
0.634090909090909,0.5682281059063137,0.6019880952380952
0.6348122866894198,0.5682281059063137,0.6020714285714285
0.6343963553530751,0.5672097759674134,0.6022380952380952
0.6339794754846066,0.5661914460285132,0.6024880952380951
0.634703196347032,0.5661914460285132,0.6029999999999999
0.6354285714285715,0.5661914460285132,0.6032380952380952
0.6361556064073226,0.5661914460285132,0.6037380952380952
0.6368843069873997,0.5661914460285132,0.6038333333333332
0.6376146788990825,0.5661914460285132,0.6044999999999999
0.6371986222732492,0.5651731160896131,0.6046111111111111
0.6367816091954023,0.5641547861507128,0.6046547619047619
0.6363636363636364,0.5631364562118126,0.6047301587301587
0.6359447004608295,0.5621181262729125,0.6057460317460316
0.635524798154556,0.5610997963340122,0.6058333333333333
0.6362586605080831,0.5610997963340122,0.6066507936507936
0.6369942196531792,0.5610997963340122,0.60675
0.6365740740740741,0.560081466395112,0.6071428571428572
0.6361529548088065,0.5590631364562119,0.6072619047619049
0.6357308584686775,0.5580448065173116,0.6078214285714286
0.6353077816492451,0.5570264765784114,0.6081666666666667
0.6360465116279069,0.5570264765784114,0.6086071428571427
0.6367869615832363,0.5570264765784114,0.6091666666666665
0.6375291375291375,0.5570264765784114,0.60925
0.6382730455075846,0.5570264765784114,0.6093333333333334
0.639018691588785,0.5570264765784114,0.6095714285714285
0.6385964912280702,0.5560081466395111,0.6097142857142857
0.6381733021077284,0.554989816700611,0.6109880952380952
0.6389214536928488,0.554989816700611,0.6112222222222221
0.6384976525821596,0.5539714867617108,0.6112380952380952
0.6392479435957696,0.5539714867617108,0.6115555555555554
0.6388235294117647,0.5529531568228105,0.6118333333333333
0.6383981154299175,0.5519348268839104,0.6121547619047619
0.6391509433962265,0.5519348268839104,0.6124047619047619
0.6399055489964581,0.5519348268839104,0.6126666666666667
0.6394799054373522,0.5509164969450102,0.6127380952380952
0.6390532544378699,0.5498981670061099,0.6128174603174603
0.6398104265402843,0.5498981670061099,0.6130833333333333
0.6393831553973903,0.5488798370672098,0.6132380952380952
0.6389548693586699,0.5478615071283096,0.613404761904762
0.638525564803805,0.5468431771894093,0.6136190476190476
0.6392857142857142,0.5468431771894093,0.6136825396825397
0.6388557806912991,0.5458248472505092,0.6139166666666667
0.6384248210023866,0.544806517311609,0.6139285714285715
0.6391875746714456,0.544806517311609,0.6139682539682539
0.6399521531100478,0.544806517311609,0.6142380952380951
0.6395209580838324,0.5437881873727087,0.6144047619047618
0.6402877697841727,0.5437881873727087,0.6144642857142858
0.6410564225690276,0.5437881873727087,0.6144999999999999
0.6418269230769231,0.5437881873727087,0.6145
0.641395908543923,0.5427698574338086,0.614642857142857
0.6421686746987951,0.5427698574338086,0.6150238095238094
0.6429433051869723,0.5427698574338086,0.6154206349206349
0.643719806763285,0.5427698574338086,0.6155714285714287
0.6432889963724304,0.5417515274949084,0.6162380952380954
0.6428571428571429,0.5407331975560081,0.6163333333333333
0.6424242424242425,0.539714867617108,0.616404761904762
0.6432038834951457,0.539714867617108,0.6166666666666667
0.6427703523693803,0.5386965376782077,0.6170833333333333
0.6423357664233577,0.5376782077393075,0.6171666666666666
0.6431181485992692,0.5376782077393075,0.6175277777777777
0.6439024390243903,0.5376782077393075,0.617547619047619
0.6446886446886447,0.5376782077393075,0.6176428571428572
0.6442542787286064,0.5366598778004074,0.6180714285714286
0.6450428396572827,0.5366598778004074,0.6183412698412698
0.6446078431372549,0.5356415478615071,0.6183650793650795
0.6441717791411042,0.5346232179226069,0.6195
0.644963144963145,0.5346232179226069,0.6195238095238094
0.6445264452644527,0.5336048879837068,0.6197380952380953
0.645320197044335,0.5336048879837068,0.6198095238095236
0.6461159062885327,0.5336048879837068,0.6199523809523809
0.645679012345679,0.5325865580448065,0.6199761904761905
0.646477132262052,0.5325865580448065,0.6200714285714285
0.6472772277227723,0.5325865580448065,0.6201428571428572
0.6468401486988847,0.5315682281059063,0.6204761904761904
0.6476426799007444,0.5315682281059063,0.621
0.6472049689440994,0.5305498981670062,0.6213730158730159
0.6480099502487562,0.5305498981670062,0.6215476190476192
0.6488169364881694,0.5305498981670062,0.6215714285714284
0.6483790523690773,0.5295315682281059,0.6218809523809523
0.6479400749063671,0.5285132382892057,0.6221666666666666
0.64875,0.5285132382892057,0.6221904761904762
0.6483103879849812,0.5274949083503055,0.6223333333333333
0.6491228070175439,0.5274949083503055,0.6232499999999999
0.6486825595984943,0.5264765784114053,0.6235714285714286
0.6482412060301508,0.5254582484725051,0.6240833333333333
0.6477987421383647,0.5244399185336049,0.6243095238095239
0.6473551637279596,0.5234215885947047,0.6247142857142858
0.6469104665825978,0.5224032586558045,0.6260595238095238
0.6477272727272727,0.5224032586558045,0.6269761904761905
0.6472819216182049,0.5213849287169042,0.627
0.6481012658227848,0.5213849287169042,0.6273095238095238
0.6476552598225602,0.5203665987780041,0.6273333333333333
0.6484771573604061,0.5203665987780041,0.6274761904761903
0.6480304955527318,0.5193482688391039,0.6281190476190477
0.6475826972010178,0.5183299389002036,0.6281428571428571
0.6471337579617834,0.5173116089613035,0.6283333333333332
0.6479591836734694,0.5173116089613035,0.6283571428571428
0.648786717752235,0.5173116089613035,0.6285000000000001
0.649616368286445,0.5173116089613035,0.6285714285714286
0.6504481434058899,0.5173116089613035,0.6288888888888888
0.65,0.5162932790224033,0.6290833333333334
0.6495507060333762,0.515274949083503,0.6293809523809525
0.6491002570694088,0.5142566191446029,0.6293928571428571
0.6486486486486487,0.5132382892057027,0.6294047619047619
0.6494845360824743,0.5132382892057027,0.6295000000000001
0.6503225806451612,0.5132382892057027,0.6295555555555555
0.6511627906976745,0.5132382892057027,0.63
0.6507115135834411,0.5122199592668024,0.6302142857142856
0.6515544041450777,0.5122199592668024,0.6302301587301588
0.6523994811932555,0.5122199592668024,0.6303095238095239
0.6532467532467533,0.5122199592668024,0.6303214285714285
0.6540962288686606,0.5122199592668024,0.6303333333333332
0.6549479166666666,0.5122199592668024,0.6309722222222224
0.6558018252933507,0.5122199592668024,0.6310714285714284
0.6566579634464752,0.5122199592668024,0.6311428571428571
0.6562091503267974,0.5112016293279023,0.6318809523809523
0.6557591623036649,0.5101832993890021,0.6319285714285714
0.6553079947575361,0.5091649694501018,0.6319523809523809
0.6548556430446194,0.5081466395112016,0.632
0.6557161629434954,0.5081466395112016,0.6323809523809524
0.6552631578947369,0.5071283095723014,0.6325714285714286
0.6561264822134387,0.5071283095723014,0.6326666666666667
0.6569920844327177,0.5071283095723014,0.6327499999999999
0.6565389696169088,0.5061099796334012,0.6328214285714284
0.656084656084656,0.505091649694501,0.6329285714285714
0.6556291390728477,0.5040733197556008,0.6331666666666667
0.6551724137931034,0.5030549898167006,0.6333488455988455
0.6560424966799469,0.5030549898167006,0.6335
0.6569148936170213,0.5030549898167006,0.6338888888888887
0.6564580559254327,0.5020366598778004,0.6343333333333333
0.6573333333333333,0.5020366598778004,0.6343571428571428
0.6568758344459279,0.5010183299389002,0.634452380952381
0.6577540106951871,0.5010183299389002,0.6346904761904762
0.6586345381526104,0.5010183299389002,0.6348095238095239
0.6595174262734584,0.5010183299389002,0.6348333333333332
0.6604026845637584,0.5010183299389002,0.6348333333333334
0.6612903225806451,0.5010183299389002,0.6348571428571428
0.6621803499327052,0.5010183299389002,0.6350476190476192
0.6617250673854448,0.5,0.635547619047619
0.6626180836707153,0.5,0.6355833333333333
0.6635135135135135,0.5,0.6371309523809523
0.6630581867388363,0.4989816700610998,0.6374047619047618
0.6639566395663956,0.4989816700610998,0.6375714285714286
0.6648575305291723,0.4989816700610998,0.6377222222222222
0.6644021739130435,0.4979633401221996,0.6381666666666667
0.6653061224489796,0.4979633401221996,0.63825
0.6648501362397821,0.4969450101832994,0.6382976190476191
0.6657571623465212,0.4969450101832994,0.6383571428571428
0.6653005464480874,0.4959266802443992,0.6386666666666666
0.6662106703146374,0.4959266802443992,0.6392976190476191
0.6671232876712329,0.4959266802443992,0.6398809523809523
0.6680384087791496,0.4959266802443992,0.6398888888888888
0.6675824175824175,0.49490835030549896,0.6399523809523808
0.6671251719394773,0.4938900203665988,0.64
0.6666666666666666,0.49287169042769857,0.6401666666666667
0.6662068965517242,0.49185336048879835,0.6401666666666668
0.6671270718232044,0.49185336048879835,0.6402380952380952
0.6680497925311203,0.49185336048879835,0.6404444444444444
0.6689750692520776,0.49185336048879835,0.6404642857142858
0.6685159500693482,0.4908350305498982,0.6406666666666666
0.6694444444444444,0.4908350305498982,0.6407103174603174
0.6689847009735744,0.48981670061099797,0.6410277777777778
0.66991643454039,0.48981670061099797,0.6410833333333332
0.6708507670850767,0.48981670061099797,0.6417380952380952
0.6717877094972067,0.48981670061099797,0.641888888888889
0.6727272727272727,0.48981670061099797,0.6429285714285714
0.6736694677871149,0.48981670061099797,0.6434603174603174
0.6746143057503506,0.48981670061099797,0.6435714285714286
0.6741573033707865,0.48879837067209775,0.6436547619047619
0.6751054852320675,0.48879837067209775,0.6441666666666666
0.6746478873239437,0.48778004073319753,0.6442142857142857
0.6741889985895627,0.48676171079429736,0.6443290043290042
0.673728813559322,0.48574338085539714,0.6443333333333334
0.6746817538896747,0.48574338085539714,0.6446428571428571
0.6742209631728046,0.4847250509164969,0.6447380952380952
0.675177304964539,0.4847250509164969,0.6450714285714285
0.6761363636363636,0.4847250509164969,0.6452500000000001
0.6756756756756757,0.48370672097759676,0.6453333333333333
0.6752136752136753,0.48268839103869654,0.6467142857142855
0.6761768901569187,0.48268839103869654,0.6470833333333335
0.6757142857142857,0.4816700610997963,0.6471666666666666
0.6752503576537912,0.48065173116089616,0.6474761904761904
0.6747851002865329,0.47963340122199594,0.6476825396825396
0.6757532281205165,0.47963340122199594,0.6478333333333333
0.6767241379310345,0.47963340122199594,0.6479880952380952
0.6776978417266187,0.47963340122199594,0.6481666666666667
0.6786743515850144,0.47963340122199594,0.6486190476190475
0.6796536796536796,0.47963340122199594,0.6486666666666666
0.6791907514450867,0.4786150712830957,0.6491666666666664
0.6801736613603473,0.4786150712830957,0.6492857142857144
0.6797101449275362,0.4775967413441955,0.6492936507936509
0.6792452830188679,0.47657841140529533,0.6493333333333333
0.6787790697674418,0.4755600814663951,0.6494523809523808
0.6783114992721979,0.4745417515274949,0.6496666666666665
0.6793002915451894,0.4745417515274949,0.65
0.6802919708029197,0.4745417515274949,0.6508333333333334
0.6812865497076024,0.4745417515274949,0.6509999999999999
0.6808199121522694,0.47352342158859473,0.6510714285714285
0.6803519061583577,0.4725050916496945,0.6510714285714286
0.6813509544787077,0.4725050916496945,0.6513809523809522
0.6823529411764706,0.4725050916496945,0.6515000000000001
0.6818851251840943,0.4714867617107943,0.6520912698412699
0.6814159292035398,0.47046843177189407,0.6521666666666667
0.6809453471196455,0.4694501018329939,0.6529761904761904
0.6819526627218935,0.4694501018329939,0.653
0.682962962962963,0.4694501018329939,0.6530714285714287
0.6839762611275965,0.4694501018329939,0.6533333333333333
0.6849925705794948,0.4694501018329939,0.6536547619047619
0.6845238095238095,0.4684317718940937,0.6537380952380955
0.6855439642324889,0.4684317718940937,0.6541666666666667
0.6865671641791045,0.4684317718940937,0.6543333333333333
0.6860986547085202,0.46741344195519346,0.6544761904761904
0.6856287425149701,0.4663951120162933,0.655
0.6866566716641679,0.4663951120162933,0.6550079365079365
0.6861861861861862,0.4653767820773931,0.6551666666666667
0.6857142857142857,0.46435845213849286,0.6554047619047619
0.6867469879518072,0.46435845213849286,0.6554242424242425
0.6877828054298643,0.46435845213849286,0.6556666666666666
0.686838124054463,0.4623217922606925,0.6561666666666666
0.6878787878787879,0.4623217922606925,0.6565555555555556
0.6874051593323217,0.46130346232179226,0.6567619047619047
0.6869300911854104,0.46028513238289204,0.6571666666666666
0.6864535768645358,0.4592668024439919,0.6572380952380952
0.6859756097560976,0.45824847250509165,0.6576666666666665
0.6870229007633588,0.45824847250509165,0.657888888888889
0.6880733944954128,0.45824847250509165,0.6581666666666667
0.6875957120980092,0.45723014256619143,0.6582380952380953
0.6871165644171779,0.45621181262729127,0.6588928571428572
0.6881720430107527,0.45621181262729127,0.6593333333333333
0.6892307692307692,0.45621181262729127,0.6595357142857142
0.6902927580893683,0.45621181262729127,0.6596428571428572
0.691358024691358,0.45621181262729127,0.6597142857142856
0.6908809891808346,0.45519348268839105,0.6598333333333332
0.6904024767801857,0.45417515274949083,0.6599913419913419
0.689922480620155,0.4531568228105906,0.6600833333333334
0.6909937888198758,0.4531568228105906,0.6601785714285714
0.6905132192846034,0.45213849287169044,0.6605238095238094
0.6915887850467289,0.45213849287169044,0.6606666666666667
0.6911076443057722,0.4511201629327902,0.660729797979798
0.6921875,0.4511201629327902,0.6607777777777777
0.6917057902973396,0.45010183299389,0.6612575757575757
0.6927899686520376,0.45010183299389,0.6617142857142858
0.6923076923076923,0.44908350305498984,0.662135531135531
0.6933962264150944,0.44908350305498984,0.6621428571428573
0.6929133858267716,0.4480651731160896,0.6621984126984127
0.694006309148265,0.4480651731160896,0.6624880952380952
0.693522906793049,0.4470468431771894,0.6628650793650793
0.694620253164557,0.4470468431771894,0.6630873015873016
0.6957210776545166,0.4470468431771894,0.6634047619047618
0.6952380952380952,0.4460285132382892,0.6638333333333334
0.6963434022257552,0.4460285132382892,0.6640714285714285
0.697452229299363,0.4460285132382892,0.664547619047619
0.696969696969697,0.445010183299389,0.6646666666666667
0.6964856230031949,0.4439918533604888,0.6648095238095237
0.6976,0.4439918533604888,0.6648333333333335
0.6987179487179487,0.4439918533604888,0.665
0.6982343499197432,0.4429735234215886,0.6650833333333334
0.6977491961414791,0.4419551934826884,0.6652222222222219
0.6988727858293076,0.4419551934826884,0.6652619047619046
0.7,0.4419551934826884,0.6653333333333333
0.6995153473344103,0.4409368635437882,0.6657341269841268
0.7006472491909385,0.4409368635437882,0.6657380952380951
0.700162074554295,0.439918533604888,0.6667380952380952
0.6996753246753247,0.43890020366598775,0.6668214285714283
0.7008130081300813,0.43890020366598775,0.6668333333333333
0.7003257328990228,0.4378818737270876,0.6669999999999999
0.6998368678629691,0.43686354378818737,0.667047619047619
0.6993464052287581,0.43584521384928715,0.667440476190476
0.7004909983633388,0.43584521384928715,0.6680714285714285
0.7016393442622951,0.43584521384928715,0.6681190476190477
0.7027914614121511,0.43584521384928715,0.6687380952380951
0.7039473684210527,0.43584521384928715,0.66875
0.7034596375617792,0.434826883910387,0.6698333333333332
0.7046204620462047,0.434826883910387,0.6703333333333333
0.7041322314049587,0.43380855397148677,0.6705
0.7048092868988391,0.43279022403258655,0.6708095238095239
0.7043189368770764,0.4317718940936864,0.6715555555555557
0.7054908485856906,0.4317718940936864,0.6716666666666665
0.705,0.43075356415478616,0.6718498168498169
0.7061769616026711,0.43075356415478616,0.6722380952380953
0.7073578595317725,0.43075356415478616,0.6723809523809524
0.7068676716917923,0.42973523421588594,0.6724480519480518
0.7063758389261745,0.4287169042769857,0.6724761904761906
0.7075630252100841,0.4287169042769857,0.6725476190476191
0.7087542087542088,0.4287169042769857,0.6728095238095239
0.7099494097807757,0.4287169042769857,0.6731666666666666
0.7094594594594594,0.42769857433808556,0.6733333333333335
0.7089678510998308,0.42668024439918534,0.6737575757575758
0.7084745762711865,0.4256619144602851,0.674
0.7096774193548387,0.4256619144602851,0.6740912698412697
0.7091836734693877,0.42464358452138495,0.6749642857142857
0.7086882453151618,0.42362525458248473,0.6749880952380952
0.7081911262798635,0.4226069246435845,0.675
0.7076923076923077,0.4215885947046843,0.6750476190476191
0.7071917808219178,0.42057026476578413,0.6753333333333333
0.7079037800687286,0.4195519348268839,0.6758333333333333
0.7091222030981067,0.4195519348268839,0.6758928571428571
0.7086206896551724,0.4185336048879837,0.6759166666666667
0.7081174438687392,0.4175152749490835,0.6760238095238096
0.7076124567474048,0.4164969450101833,0.6763333333333335
0.708838821490468,0.4164969450101833,0.6769166666666666
0.7083333333333334,0.4154786150712831,0.6769722222222222
0.7078260869565217,0.41446028513238287,0.677
0.7073170731707317,0.4134419551934827,0.6774523809523808
0.7085514834205934,0.4134419551934827,0.6775
0.7097902097902098,0.4134419551934827,0.6777936507936508
0.7092819614711033,0.4124236252545825,0.6780833333333334
0.7105263157894737,0.4124236252545825,0.6782380952380953
0.7100175746924429,0.41140529531568226,0.6784880952380951
0.7095070422535211,0.4103869653767821,0.6784999999999998
0.7107583774250441,0.4103869653767821,0.6787142857142858
0.7102473498233216,0.4093686354378819,0.6793095238095238
0.7115044247787611,0.4093686354378819,0.6793333333333333
0.7127659574468085,0.4093686354378819,0.6804999999999999
0.7122557726465364,0.40835030549898166,0.6807500000000001
0.7117437722419929,0.4073319755600815,0.6809523809523809
0.7130124777183601,0.4073319755600815,0.6816190476190477
0.7125,0.4063136456211813,0.682392857142857
0.7119856887298748,0.40529531568228105,0.6824761904761906
0.7132616487455197,0.40529531568228105,0.6825000000000001
0.7127468581687613,0.40427698574338083,0.6829761904761905
0.7122302158273381,0.40325865580448067,0.68325
0.7135135135135136,0.40325865580448067,0.6834603174603174
0.7129963898916968,0.40224032586558045,0.6835
0.7142857142857143,0.40224032586558045,0.6836190476190477
0.7137681159420289,0.40122199592668023,0.6836666666666668
0.7150635208711433,0.40122199592668023,0.6840436507936508
0.7163636363636363,0.40122199592668023,0.6846666666666665
0.7176684881602914,0.40122199592668023,0.6853571428571428
0.718978102189781,0.40122199592668023,0.6854761904761905
0.720292504570384,0.40122199592668023,0.6862142857142857
0.7197802197802198,0.40020366598778007,0.6870833333333334
0.7211009174311926,0.40020366598778007,0.6875714285714284
0.7205882352941176,0.39918533604887985,0.6876666666666666
0.7200736648250461,0.3981670061099796,0.6885000000000001
0.7195571955719557,0.3971486761710794,0.6888333333333333
0.7190388170055453,0.39613034623217924,0.6889166666666666
0.7185185185185186,0.395112016293279,0.6891666666666666
0.7198515769944341,0.395112016293279,0.6894166666666667
0.7193308550185874,0.3940936863543788,0.69
0.7206703910614525,0.3940936863543788,0.6900714285714283
0.7220149253731343,0.3940936863543788,0.6902142857142857
0.7214953271028037,0.39307535641547864,0.6906984126984126
0.7228464419475655,0.39307535641547864,0.6908214285714284
0.7223264540337712,0.3920570264765784,0.6910714285714286
0.7236842105263158,0.3920570264765784,0.6911666666666666
0.7231638418079096,0.3910386965376782,0.6916666666666665
0.7245283018867924,0.3910386965376782,0.6917777777777779
0.725897920604915,0.3910386965376782,0.6925714285714284
0.7253787878787878,0.390020366598778,0.6927222222222222
0.7267552182163188,0.390020366598778,0.6937261904761904
0.7281368821292775,0.390020366598778,0.6940000000000001
0.7295238095238096,0.390020366598778,0.6940555555555554
0.7309160305343512,0.390020366598778,0.6945000000000001
0.7304015296367112,0.3890020366598778,0.694595238095238
0.7318007662835249,0.3890020366598778,0.6948333333333335
0.7312859884836852,0.3879837067209776,0.6948809523809524
0.7307692307692307,0.3869653767820774,0.6949880952380952
0.7302504816955684,0.3859470468431772,0.6951904761904762
0.7316602316602316,0.3859470468431772,0.6961944444444444
0.7311411992263056,0.384928716904277,0.6962380952380951
0.7306201550387597,0.38391038696537677,0.6966666666666665
0.7300970873786408,0.38289205702647655,0.6967619047619047
0.7315175097276264,0.38289205702647655,0.6969642857142857
0.7309941520467836,0.3818737270875764,0.6970238095238095
0.73046875,0.38085539714867617,0.6971428571428572
0.7318982387475538,0.38085539714867617,0.6972380952380953
0.7313725490196078,0.37983706720977595,0.6976666666666668
0.730844793713163,0.3788187372708758,0.6982380952380953
0.7303149606299213,0.37780040733197556,0.6988809523809523
0.7317554240631163,0.37780040733197556,0.6994999999999999
0.733201581027668,0.37780040733197556,0.6996309523809523
0.7326732673267327,0.37678207739307534,0.6996944444444444
0.7321428571428571,0.3757637474541752,0.6998333333333335
0.7335984095427436,0.3757637474541752,0.6999004329004329
0.7350597609561753,0.3757637474541752,0.7001666666666666
0.7345309381237525,0.37474541751527496,0.701142857142857
0.736,0.37474541751527496,0.7020714285714286
0.7374749498997996,0.37474541751527496,0.7023333333333333
0.7369477911646586,0.37372708757637474,0.7029999999999998
0.738430583501006,0.37372708757637474,0.7035238095238094
0.7399193548387096,0.37372708757637474,0.7037261904761906
0.7393939393939394,0.3727087576374745,0.704297619047619
0.7388663967611336,0.37169042769857435,0.7043095238095237
0.7403651115618661,0.37169042769857435,0.705
0.7398373983739838,0.37067209775967414,0.7053333333333331
0.7393075356415478,0.3696537678207739,0.7066984126984124
0.7387755102040816,0.36863543788187375,0.7068333333333334
0.7382413087934561,0.36761710794297353,0.7071666666666665
0.7377049180327869,0.3665987780040733,0.7076428571428569
0.7392197125256673,0.3665987780040733,0.708
0.7386831275720165,0.3655804480651731,0.7081190476190475
0.7381443298969073,0.3645621181262729,0.7083333333333333
0.7396694214876033,0.3645621181262729,0.7090476190476189
0.7412008281573499,0.3645621181262729,0.7094047619047621
0.7406639004149378,0.3635437881873727,0.7098809523809524
0.7401247401247402,0.3625254582484725,0.7101666666666666
0.7395833333333334,0.3615071283095723,0.7106388888888889
0.7390396659707724,0.3604887983706721,0.711
0.7405857740585774,0.3604887983706721,0.7110000000000001
0.7421383647798742,0.3604887983706721,0.7113888888888888
0.7436974789915967,0.3604887983706721,0.7115952380952381
0.7452631578947368,0.3604887983706721,0.7116150793650793
0.7447257383966245,0.3594704684317719,0.7131547619047619
0.7441860465116279,0.35845213849287166,0.7131666666666667
0.7457627118644068,0.35845213849287166,0.7134999999999998
0.7473460721868365,0.35845213849287166,0.7136666666666666
0.7468085106382979,0.3574338085539715,0.7136904761904762
0.746268656716418,0.3564154786150713,0.714357142857143
0.7478632478632479,0.3564154786150713,0.7148333333333332
0.7473233404710921,0.35539714867617106,0.7150714285714284
0.7467811158798283,0.3543788187372709,0.7153333333333332
0.7483870967741936,0.3543788187372709,0.7156666666666665
0.7478448275862069,0.3533604887983707,0.7156666666666667
0.7473002159827213,0.35234215885947046,0.7160000000000001
0.7467532467532467,0.3513238289205703,0.7172575757575756
0.7483731019522777,0.3513238289205703,0.7174047619047619
0.7478260869565218,0.35030549898167007,0.7174880952380953
0.7472766884531591,0.34928716904276985,0.7175
0.7467248908296943,0.34826883910386963,0.7189047619047618
0.7461706783369803,0.34725050916496947,0.7191547619047617
0.7478070175438597,0.34725050916496947,0.7193333333333334
0.7472527472527473,0.34623217922606925,0.7199999999999999
0.748898678414097,0.34623217922606925,0.7205714285714285
0.7483443708609272,0.34521384928716903,0.7206623376623377
0.7477876106194691,0.34419551934826886,0.7209047619047619
0.7472283813747228,0.34317718940936864,0.7212380952380951
0.7466666666666667,0.3421588594704684,0.7214242424242424
0.7461024498886414,0.3411405295315682,0.7219047619047619
0.7455357142857143,0.34012219959266804,0.7220714285714284
0.7449664429530202,0.3391038696537678,0.7224047619047619
0.7443946188340808,0.3380855397148676,0.7236666666666666
0.7438202247191011,0.33706720977596744,0.7244999999999999
0.7432432432432432,0.3360488798370672,0.7252261904761903
0.7426636568848759,0.335030549898167,0.7258333333333333
0.7420814479638009,0.3340122199592668,0.7260595238095238
0.7437641723356009,0.3340122199592668,0.7263333333333334
0.7431818181818182,0.3329938900203666,0.7265476190476191
0.744874715261959,0.3329938900203666,0.7265714285714284
0.7442922374429224,0.3319755600814664,0.7268571428571429
0.7459954233409611,0.3319755600814664,0.7269166666666667
0.7454128440366973,0.33095723014256617,0.7271666666666667
0.7448275862068966,0.329938900203666,0.7271904761904763
0.7442396313364056,0.3289205702647658,0.7272380952380954
0.74364896073903,0.32790224032586557,0.7273333333333334
0.7453703703703703,0.32790224032586557,0.7278095238095237
0.7447795823665894,0.3268839103869654,0.7283809523809522
0.7441860465116279,0.3258655804480652,0.7288095238095238
0.7435897435897436,0.32484725050916496,0.7288333333333334
0.7429906542056075,0.32382892057026474,0.7288809523809523
0.7447306791569087,0.32382892057026474,0.728888888888889
0.744131455399061,0.3228105906313646,0.7290714285714283
0.7458823529411764,0.3228105906313646,0.7302500000000001
0.7452830188679245,0.32179226069246436,0.7304325396825396
0.7446808510638298,0.32077393075356414,0.7308333333333333
0.7464454976303317,0.32077393075356414,0.7314047619047619
0.7458432304038005,0.319755600814664,0.7320353535353534
0.7476190476190476,0.319755600814664,0.7320627705627705
0.747016706443914,0.31873727087576376,0.7324722222222221
0.7464114832535885,0.31771894093686354,0.7328333333333333
0.7458033573141487,0.3167006109979633,0.733
0.744578313253012,0.31466395112016293,0.7330357142857141
0.7463768115942029,0.31466395112016293,0.7330555555555556
0.7457627118644068,0.3136456211812627,0.7330714285714286
0.7475728155339806,0.3136456211812627,0.7335714285714284
0.7469586374695864,0.31262729124236255,0.7337380952380953
0.7463414634146341,0.31160896130346233,0.7338333333333334
0.7457212713936431,0.3105906313645621,0.7340833333333332
0.7450980392156863,0.3095723014256619,0.7345
0.7469287469287469,0.3095723014256619,0.7346666666666666
0.7463054187192119,0.3085539714867617,0.7348809523809524
0.745679012345679,0.3075356415478615,0.7360000000000001
0.745049504950495,0.3065173116089613,0.737
0.7444168734491315,0.3054989816700611,0.7373333333333332
0.746268656716418,0.3054989816700611,0.7385595238095238
0.7456359102244389,0.3044806517311609,0.7386666666666666
0.745,0.3034623217922607,0.7388333333333335
0.7468671679197995,0.3034623217922607,0.7389285714285714
0.7487437185929648,0.3034623217922607,0.73925
0.7481108312342569,0.3024439918533605,0.7393290043290043
0.75,0.3024439918533605,0.739642857142857
0.7493670886075949,0.3014256619144603,0.7399166666666668
0.751269035532995,0.3014256619144603,0.74025
0.7506361323155216,0.3004073319755601,0.7404642857142858
0.75,0.29938900203665986,0.7422619047619048
0.7519181585677749,0.29938900203665986,0.7424880952380951
0.7512820512820513,0.2983706720977597,0.7425
0.7506426735218509,0.2973523421588595,0.7426388888888888
0.75,0.29633401221995925,0.7429047619047618
0.7493540051679587,0.2953156822810591,0.7438809523809523
0.7512953367875648,0.2953156822810591,0.74465873015873
0.7532467532467533,0.2953156822810591,0.7450833333333332
0.7552083333333334,0.2953156822810591,0.7452777777777778
0.7545691906005222,0.29429735234215887,0.7453333333333333
0.756544502617801,0.29429735234215887,0.7454999999999998
0.7559055118110236,0.29327902240325865,0.7461666666666668
0.7552631578947369,0.29226069246435843,0.7463888888888889
0.7546174142480211,0.29124236252545826,0.7469999999999999
0.7566137566137566,0.29124236252545826,0.7474166666666666
0.7559681697612732,0.29022403258655805,0.74775
0.7553191489361702,0.2892057026476578,0.7481666666666666
0.7546666666666667,0.28818737270875766,0.7498492063492063
0.7540106951871658,0.28716904276985744,0.7503333333333333
0.7560321715817694,0.28716904276985744,0.7507261904761906
0.7553763440860215,0.2861507128309572,0.750975468975469
0.7574123989218329,0.2861507128309572,0.7515873015873017
0.7594594594594595,0.2861507128309572,0.7529166666666667
0.7588075880758808,0.285132382892057,0.7529999999999998
0.7581521739130435,0.28411405295315684,0.7531666666666667
0.7602179836512262,0.28411405295315684,0.7533333333333334
0.7595628415300546,0.2830957230142566,0.7536428571428572
0.7589041095890411,0.2820773930753564,0.7545000000000001
0.760989010989011,0.2820773930753564,0.7548333333333334
0.7630853994490359,0.2820773930753564,0.7548333333333335
0.7624309392265194,0.28105906313645623,0.7552380952380952
0.7617728531855956,0.280040733197556,0.7552857142857141
0.7611111111111111,0.2790224032586558,0.7556666666666666
0.7604456824512534,0.2780040733197556,0.7559603174603174
0.7597765363128491,0.2769857433808554,0.7562380952380952
0.7619047619047619,0.2769857433808554,0.7562857142857142
0.7612359550561798,0.2759674134419552,0.7567619047619049
0.7633802816901408,0.2759674134419552,0.7568095238095238
0.7655367231638418,0.2759674134419552,0.7571666666666667
0.7648725212464589,0.27494908350305497,0.7573333333333332
0.7642045454545454,0.2739307535641548,0.7578333333333331
0.7663817663817664,0.2739307535641548,0.7580555555555556
0.7685714285714286,0.2739307535641548,0.7582142857142857
0.7707736389684814,0.2739307535641548,0.7583492063492062
0.7701149425287356,0.2729124236252546,0.7584761904761905
0.7694524495677233,0.27189409368635437,0.7591666666666665
0.7687861271676301,0.2708757637474542,0.7593095238095238
0.7710144927536232,0.2708757637474542,0.7596666666666664
0.7703488372093024,0.269857433808554,0.7598214285714286
0.7696793002915452,0.26883910386965376,0.7598333333333332
0.7690058479532164,0.26782077393075354,0.7598809523809522
0.7712609970674487,0.26782077393075354,0.7605833333333333
0.7735294117647059,0.26782077393075354,0.7626666666666666
0.7728613569321534,0.2668024439918534,0.7631818181818182
0.772189349112426,0.26578411405295316,0.7643333333333332
0.7744807121661721,0.26578411405295316,0.7644047619047619
0.7767857142857143,0.26578411405295316,0.765047619047619
0.7761194029850746,0.26476578411405294,0.7652499999999999
0.7784431137724551,0.26476578411405294,0.765904761904762
0.7777777777777778,0.2637474541751528,0.7659999999999999
0.7801204819277109,0.2637474541751528,0.7672500000000001
0.7824773413897281,0.2637474541751528,0.7675833333333333
0.7818181818181819,0.26272912423625255,0.7676666666666668
0.78419452887538,0.26272912423625255,0.767738095238095
0.7865853658536586,0.26272912423625255,0.768
0.7859327217125383,0.26171079429735233,0.7693095238095238
0.7883435582822086,0.26171079429735233,0.7693333333333334
0.7907692307692308,0.26171079429735233,0.7695000000000001
0.7901234567901234,0.2606924643584521,0.7698333333333334
0.7894736842105263,0.25967413441955195,0.77
0.7888198757763976,0.25865580448065173,0.7705000000000001
0.7912772585669782,0.25865580448065173,0.7706666666666666
0.790625,0.2576374745417515,0.7708333333333335
0.7899686520376176,0.25661914460285135,0.771031746031746
0.7924528301886793,0.25661914460285135,0.7710555555555555
0.7949526813880127,0.25661914460285135,0.7712499999999999
0.7974683544303798,0.25661914460285135,0.7714166666666666
0.8,0.25661914460285135,0.7716190476190475
0.7993630573248408,0.2556008146639511,0.7717380952380951
0.7987220447284346,0.2545824847250509,0.7720164835164836
0.8012820512820513,0.2545824847250509,0.7726428571428571
0.8006430868167203,0.2535641547861507,0.77275
0.8,0.2525458248472505,0.7733333333333333
0.8025889967637541,0.2525458248472505,0.7736428571428572
0.801948051948052,0.2515274949083503,0.7739880952380953
0.8013029315960912,0.2505091649694501,0.7749166666666666
0.803921568627451,0.2505091649694501,0.774952380952381
0.8032786885245902,0.2494908350305499,0.7750833333333332
0.805921052631579,0.2494908350305499,0.7756666666666666
0.8052805280528053,0.2484725050916497,0.7759999999999999
0.804635761589404,0.24745417515274948,0.7770833333333335
0.8039867109634552,0.24643584521384929,0.7775
0.8033333333333333,0.2454175152749491,0.7777380952380952
0.8060200668896321,0.2454175152749491,0.7780000000000001
0.8053691275167785,0.24439918533604887,0.7799761904761904
0.8047138047138047,0.24338085539714868,0.7800714285714286
0.8040540540540541,0.24236252545824846,0.7810000000000001
0.8033898305084746,0.24134419551934827,0.7815476190476192
0.8027210884353742,0.24032586558044808,0.7822142857142856
0.8020477815699659,0.23930753564154786,0.7822380952380952
0.8013698630136986,0.23828920570264767,0.7835000000000002
0.8041237113402062,0.23828920570264767,0.7843571428571426
0.803448275862069,0.23727087576374745,0.7844999999999999
0.8027681660899654,0.23625254582484725,0.7860714285714284
0.8020833333333334,0.23523421588594703,0.7864246031746032
0.8013937282229965,0.23421588594704684,0.7890714285714285
0.8041958041958042,0.23421588594704684,0.7914047619047619
0.8035087719298246,0.23319755600814665,0.7917499999999998
0.8028169014084507,0.23217922606924643,0.7933095238095241
0.8021201413427562,0.23116089613034624,0.7935000000000001
0.8014184397163121,0.23014256619144602,0.7937857142857143
0.8042704626334519,0.23014256619144602,0.794126984126984
0.8035714285714286,0.22912423625254583,0.7952380952380952
0.8064516129032258,0.22912423625254583,0.7957460317460316
0.8057553956834532,0.22810590631364563,0.7967619047619049
0.8050541516245487,0.22708757637474541,0.7968333333333333
0.8043478260869565,0.22606924643584522,0.7971666666666666
0.8036363636363636,0.225050916496945,0.7981547619047619
0.8029197080291971,0.2240325865580448,0.7981666666666666
0.8058608058608059,0.2240325865580448,0.79925
0.8051470588235294,0.2230142566191446,0.7993333333333331
0.8044280442804428,0.2219959266802444,0.8012500000000001
0.8074074074074075,0.2219959266802444,0.8015000000000001
0.8066914498141264,0.2209775967413442,0.8016666666666667
0.8059701492537313,0.219959266802444,0.8018333333333334
0.8089887640449438,0.219959266802444,0.8018690476190478
0.8120300751879699,0.219959266802444,0.8021031746031746
0.8113207547169812,0.2189409368635438,0.8025
0.8136882129277566,0.21792260692464357,0.8029761904761905
0.8129770992366412,0.21690427698574338,0.8032380952380953
0.8122605363984674,0.2158859470468432,0.8034242424242426
0.8153846153846154,0.2158859470468432,0.8046666666666666
0.8185328185328186,0.2158859470468432,0.805333333333333
0.8178294573643411,0.21486761710794297,0.8057380952380951
0.8171206225680934,0.21384928716904278,0.8059285714285713
0.81640625,0.21283095723014256,0.8063333333333332
0.8156862745098039,0.21181262729124237,0.8065000000000001
0.8149606299212598,0.21079429735234215,0.8066666666666665
0.8142292490118577,0.20977596741344195,0.8073095238095239
0.8134920634920635,0.20875763747454176,0.8073333333333332
0.8127490039840638,0.20773930753564154,0.8087222222222222
0.812,0.20672097759674135,0.8092142857142858
0.8112449799196787,0.20570264765784113,0.8096666666666666
0.8104838709677419,0.20468431771894094,0.8103333333333333
0.8097165991902834,0.20366598778004075,0.810404761904762
0.8081632653061225,0.20162932790224034,0.8105595238095238
0.8073770491803278,0.20061099796334012,0.811
0.8106995884773662,0.20061099796334012,0.8114999999999999
0.8099173553719008,0.19959266802443992,0.8124166666666668
0.8132780082987552,0.19959266802443992,0.8125833333333332
0.8166666666666667,0.19959266802443992,0.8128333333333332
0.8158995815899581,0.1985743380855397,0.8131666666666666
0.819327731092437,0.1985743380855397,0.8132499999999999
0.8185654008438819,0.1975560081466395,0.8142142857142857
0.8220338983050848,0.1975560081466395,0.8143333333333332
0.825531914893617,0.1975560081466395,0.8152222222222223
0.8247863247863247,0.19653767820773932,0.8155
0.8240343347639485,0.1955193482688391,0.8164642857142858
0.8232758620689655,0.1945010183299389,0.8166666666666665
0.8225108225108225,0.1934826883910387,0.8168333333333334
0.8217391304347826,0.1924643584521385,0.8170000000000001
0.8209606986899564,0.19144602851323828,0.8173333333333334
0.8201754385964912,0.19042769857433808,0.8175
0.8193832599118943,0.1894093686354379,0.8175238095238097
0.8185840707964602,0.18839103869653767,0.8176666666666667
0.8177777777777778,0.18737270875763748,0.8181666666666666
0.8214285714285714,0.18737270875763748,0.8184166666666666
0.8251121076233184,0.18737270875763748,0.8188095238095238
0.8243243243243243,0.18635437881873726,0.819
0.8280542986425339,0.18635437881873726,0.8193888888888892
0.8272727272727273,0.18533604887983707,0.8201031746031745
0.8310502283105022,0.18533604887983707,0.8213333333333332
0.8348623853211009,0.18533604887983707,0.8216111111111113
0.8387096774193549,0.18533604887983707,0.8219166666666666
0.8379629629629629,0.18431771894093688,0.8220714285714286
0.8372093023255814,0.18329938900203666,0.8221071428571427
0.8411214953271028,0.18329938900203666,0.8224761904761907
0.8403755868544601,0.18228105906313646,0.823
0.839622641509434,0.18126272912423624,0.8233333333333335
0.8436018957345972,0.18126272912423624,0.8234047619047619
0.8428571428571429,0.18024439918533605,0.8238333333333334
0.8421052631578947,0.17922606924643583,0.8246428571428571
0.8413461538461539,0.17820773930753564,0.8249166666666666
0.8454106280193237,0.17820773930753564,0.8253611111111111
0.8446601941747572,0.17718940936863545,0.8256666666666668
0.8439024390243902,0.17617107942973523,0.8261666666666667
0.8431372549019608,0.17515274949083504,0.8274880952380953
0.8423645320197044,0.17413441955193482,0.8284166666666667
0.8465346534653465,0.17413441955193482,0.8289642857142856
0.845771144278607,0.17311608961303462,0.83
0.845,0.17209775967413443,0.8307499999999999
0.8442211055276382,0.1710794297352342,0.831142857142857
0.8434343434343434,0.17006109979633402,0.8311666666666667
0.8426395939086294,0.1690427698574338,0.8314761904761905
0.8469387755102041,0.1690427698574338,0.8317380952380953
0.8461538461538461,0.1680244399185336,0.8321666666666667
0.845360824742268,0.1670061099796334,0.8324999999999999
0.844559585492228,0.1659877800407332,0.8330000000000001
0.8489583333333334,0.1659877800407332,0.8335000000000001
0.8534031413612565,0.1659877800407332,0.8341666666666667
0.8526315789473684,0.164969450101833,0.8344999999999999
0.8571428571428571,0.164969450101833,0.8346666666666668
0.8563829787234043,0.16395112016293278,0.8356111111111112
0.8556149732620321,0.1629327902240326,0.8356984126984127
0.8548387096774194,0.16191446028513237,0.8362380952380951
0.8540540540540541,0.16089613034623218,0.8369999999999997
0.8532608695652174,0.159877800407332,0.8371666666666667
0.8579234972677595,0.159877800407332,0.8375714285714285
0.8571428571428571,0.15885947046843177,0.8385432900432899
0.856353591160221,0.15784114052953158,0.8407499999999999
0.8555555555555555,0.15682281059063136,0.8428333333333333
0.8547486033519553,0.15580448065173116,0.8429166666666665
0.8539325842696629,0.15478615071283094,0.8430952380952382
0.8587570621468926,0.15478615071283094,0.8450833333333333
0.8579545454545454,0.15376782077393075,0.8454047619047619
0.8571428571428571,0.15274949083503056,0.8455714285714286
0.8563218390804598,0.15173116089613034,0.8472222222222221
0.8554913294797688,0.15071283095723015,0.8474047619047619
0.8546511627906976,0.14969450101832993,0.8478333333333332
0.8538011695906432,0.14867617107942974,0.8486666666666666
0.8529411764705882,0.14765784114052954,0.8487380952380953
0.8520710059171598,0.14663951120162932,0.8488333333333336
0.8511904761904762,0.14562118126272913,0.8489880952380952
0.8502994011976048,0.1446028513238289,0.8490000000000001
0.8493975903614458,0.14358452138492872,0.8493333333333334
0.8484848484848485,0.1425661914460285,0.8501666666666666
0.8475609756097561,0.1415478615071283,0.850904761904762
0.8466257668711656,0.14052953156822812,0.8509166666666667
0.8518518518518519,0.14052953156822812,0.8514999999999999
0.8509316770186336,0.1395112016293279,0.8515873015873016
0.85,0.1384928716904277,0.8516666666666667
0.8490566037735849,0.13747454175152748,0.8517380952380954
0.8481012658227848,0.1364562118126273,0.853
0.8471337579617835,0.1354378818737271,0.8534999999999999
0.8461538461538461,0.13441955193482688,0.8538333333333336
0.8451612903225807,0.1334012219959267,0.8541666666666667
0.8506493506493507,0.1334012219959267,0.8543333333333333
0.8496732026143791,0.13238289205702647,0.8545833333333335
0.8486842105263158,0.13136456211812628,0.8550714285714285
0.8543046357615894,0.13136456211812628,0.8561666666666667
0.8533333333333334,0.13034623217922606,0.8566666666666667
0.8523489932885906,0.12932790224032586,0.8581666666666666
0.8513513513513513,0.12830957230142567,0.8589999999999999
0.8503401360544217,0.12729124236252545,0.8590476190476192
0.8493150684931506,0.12627291242362526,0.8600714285714285
0.8482758620689655,0.12525458248472504,0.8612460317460316
0.8472222222222222,0.12423625254582485,0.8615714285714288
0.8461538461538461,0.12321792260692464,0.8633095238095239
0.8450704225352113,0.12219959266802444,0.8640714285714285
0.8439716312056738,0.12118126272912423,0.8641825396825397
0.8428571428571429,0.12016293279022404,0.8643333333333335
0.841726618705036,0.11914460285132383,0.8658333333333335
0.8405797101449275,0.11812627291242363,0.8659047619047618
0.8394160583941606,0.11710794297352342,0.8664999999999999
0.8382352941176471,0.11608961303462322,0.8670714285714287
0.8444444444444444,0.11608961303462322,0.8673333333333332
0.8507462686567164,0.11608961303462322,0.8673333333333333
0.849624060150376,0.11507128309572301,0.8680714285714285
0.8484848484848485,0.11405295315682282,0.8683333333333334
0.8473282442748091,0.11303462321792261,0.870404761904762
0.8461538461538461,0.1120162932790224,0.8707142857142857
0.8449612403100775,0.1109979633401222,0.8711666666666668
0.84375,0.109979633401222,0.8733333333333333
0.84251968503937,0.10896130346232179,0.8738333333333331
0.8412698412698413,0.1079429735234216,0.8741666666666665
0.848,0.1079429735234216,0.8743333333333334
0.8467741935483871,0.10692464358452139,0.8748095238095237
0.8455284552845529,0.10590631364562118,0.8762380952380951
0.8442622950819673,0.10488798370672098,0.8765555555555556
0.8429752066115702,0.10386965376782077,0.8771666666666667
0.8416666666666667,0.10285132382892057,0.8790476190476191
0.8403361344537815,0.10183299389002037,0.8805714285714284
0.8389830508474576,0.10081466395112017,0.8808333333333335
0.8461538461538461,0.10081466395112017,0.8809047619047619
0.853448275862069,0.10081466395112017,0.8815
0.8608695652173913,0.10081466395112017,0.8816666666666667
0.8596491228070176,0.09979633401221996,0.8820833333333333
0.8584070796460177,0.09877800407331976,0.8823333333333332
0.8571428571428571,0.09775967413441955,0.8832976190476189
0.8648648648648649,0.09775967413441955,0.8836666666666667
0.8636363636363636,0.09674134419551934,0.8841666666666668
0.8703703703703703,0.09572301425661914,0.8846666666666667
0.8785046728971962,0.09572301425661914,0.8866666666666666
0.8773584905660378,0.09470468431771895,0.8875
0.8761904761904762,0.09368635437881874,0.8885714285714288
0.8846153846153846,0.09368635437881874,0.8898333333333335
0.883495145631068,0.09266802443991853,0.8911666666666669
0.8823529411764706,0.09164969450101833,0.8917380952380952
0.8811881188118812,0.09063136456211812,0.8919047619047619
0.88,0.08961303462321792,0.8925
0.8888888888888888,0.08961303462321792,0.8935
0.8877551020408163,0.08859470468431772,0.8938571428571427
0.8969072164948454,0.08859470468431772,0.8952460317460316
0.8958333333333334,0.08757637474541752,0.8953333333333334
0.8947368421052632,0.08655804480651731,0.8956666666666666
0.8936170212765957,0.0855397148676171,0.8961666666666668
0.8924731182795699,0.0845213849287169,0.8969999999999999
0.9021739130434783,0.0845213849287169,0.8990714285714286
0.9120879120879121,0.0845213849287169,0.8993333333333333
0.9101123595505618,0.0824847250509165,0.8995238095238095
0.9090909090909091,0.0814663951120163,0.8996666666666667
0.9080459770114943,0.08044806517311609,0.89975
0.9069767441860465,0.07942973523421588,0.9012500000000001
0.9058823529411765,0.07841140529531568,0.901809523809524
0.9047619047619048,0.07739307535641547,0.9021666666666668
0.9036144578313253,0.07637474541751528,0.9041666666666666
0.9024390243902439,0.07535641547861507,0.9058333333333333
0.9135802469135802,0.07535641547861507,0.9061666666666666
0.9125,0.07433808553971487,0.9075075757575756
0.9113924050632911,0.07331975560081466,0.9078095238095238
0.9102564102564102,0.07230142566191446,0.9079999999999999
0.9090909090909091,0.07128309572301425,0.9091666666666667
0.9078947368421053,0.07026476578411406,0.9105
0.92,0.07026476578411406,0.9107142857142857
0.9324324324324325,0.07026476578411406,0.9108333333333336
0.9315068493150684,0.06924643584521385,0.9115714285714286
0.9305555555555556,0.06822810590631365,0.9127380952380953
0.9295774647887324,0.06720977596741344,0.9129242424242422
0.9285714285714286,0.06619144602851323,0.9159999999999999
0.9264705882352942,0.06415478615071284,0.9179999999999998
0.9253731343283582,0.06313645621181263,0.9188333333333334
0.9242424242424242,0.062118126272912425,0.919
0.9384615384615385,0.062118126272912425,0.9191666666666667
0.9375,0.06109979633401222,0.919404761904762
0.9365079365079365,0.06008146639511202,0.9200000000000002
0.9354838709677419,0.059063136456211814,0.9210714285714287
0.9344262295081968,0.05804480651731161,0.9210833333333334
0.9333333333333333,0.05702647657841141,0.9214761904761904
0.9491525423728814,0.05702647657841141,0.9216666666666667
0.9482758620689655,0.0560081466395112,0.9218650793650793
0.9473684210526315,0.054989816700611,0.9241666666666666
0.9464285714285714,0.0539714867617108,0.9243333333333332
0.9454545454545454,0.05295315682281059,0.9246666666666666
0.9444444444444444,0.051934826883910386,0.92475
0.9433962264150944,0.05091649694501019,0.9256666666666666
0.9423076923076923,0.04989816700610998,0.9266666666666665
0.9411764705882353,0.048879837067209775,0.9266666666666667
0.94,0.04786150712830957,0.9268333333333334
0.9387755102040817,0.04684317718940937,0.9271666666666668
0.9375,0.045824847250509164,0.9274047619047618
0.9361702127659575,0.04480651731160896,0.9296666666666666
0.9347826086956522,0.04378818737270876,0.93
0.9333333333333333,0.04276985743380855,0.9301666666666665
0.9318181818181818,0.04175152749490835,0.9312380952380953
0.9302325581395349,0.04073319755600815,0.9313333333333332
0.9285714285714286,0.03971486761710794,0.9333333333333335
0.926829268292683,0.038696537678207736,0.9338333333333334
0.9230769230769231,0.03665987780040733,0.9348333333333333
0.9210526315789473,0.035641547861507125,0.9371666666666666
0.9459459459459459,0.035641547861507125,0.9404166666666667
0.9444444444444444,0.034623217922606926,0.9408333333333333
0.9428571428571428,0.03360488798370672,0.9416666666666668
0.9411764705882353,0.032586558044806514,0.9418333333333332
0.9393939393939394,0.031568228105906315,0.9420000000000001
0.9375,0.03054989816700611,0.9421666666666667
0.9354838709677419,0.029531568228105907,0.9433333333333332
0.9333333333333333,0.028513238289205704,0.9441666666666666
0.9310344827586207,0.0274949083503055,0.9461666666666667
0.9285714285714286,0.026476578411405296,0.9485714285714285
0.9259259259259259,0.025458248472505093,0.9486666666666665
0.9230769230769231,0.024439918533604887,0.9491666666666667
0.92,0.023421588594704685,0.9503333333333335
0.9166666666666666,0.02240325865580448,0.9513333333333334
0.9130434782608695,0.021384928716904276,0.9525000000000001
0.9090909090909091,0.020366598778004074,0.9533333333333335
0.9047619047619048,0.019348268839103868,0.9538333333333334
0.9,0.018329938900203666,0.9546666666666667
0.8947368421052632,0.017311608961303463,0.9566666666666667
0.8888888888888888,0.016293279022403257,0.9588095238095238
0.8823529411764706,0.015274949083503055,0.96
0.9333333333333333,0.014256619144602852,0.9603333333333333
0.9285714285714286,0.013238289205702648,0.9608333333333333
0.9230769230769231,0.012219959266802444,0.9616666666666666
0.9166666666666666,0.01120162932790224,0.9638333333333334
0.9090909090909091,0.010183299389002037,0.965
0.9,0.009164969450101833,0.9655
0.8888888888888888,0.008146639511201629,0.9685714285714286
0.875,0.007128309572301426,0.9718809523809524
0.8571428571428571,0.006109979633401222,0.9721666666666667
1.0,0.006109979633401222,0.9757777777777776
1.0,0.0050916496945010185,0.9766666666666667
1.0,0.004073319755600814,0.9783333333333334
1.0,0.002036659877800407,0.9826666666666667
1.0,0.0010183299389002036,0.99
1.0,0.0,
