{
  "horizon_days_median": 3650.0,
  "max_dispersion_index": 2.51874583991884,
  "mean_dispersion_index": 0.6171052908578519,
  "min_p05_distance_au": 0.020102261677992648,
  "n_clones_median": 300.0,
  "row_count": 50,
  "scenario_category_counts": {
    "needs_review": 8,
    "stable": 16,
    "uncertain": 5,
    "variable": 21
  },
  "status": "success",
  "top_uncertainty_objects": [
    "20020425",
    "20101869",
    "20152685",
    "20163067",
    "20199801",
    "20005693",
    "20177049",
    "20153002",
    "20101955",
    "20162825"
  ]
}